1, 5.082914, 36.752655
1, 5.082898, 36.752664
1, 5.082871, 36.752683
1, 5.082831, 36.752722
1, 5.082775, 36.752779
1, 5.082704, 36.752850
1, 5.082624, 36.752937
1, 5.082531, 36.753039
1, 5.082424, 36.753155
1, 5.082317, 36.753291
1, 5.082241, 36.753457
1, 5.082165, 36.753639
1, 5.082077, 36.753836
1, 5.081965, 36.754015
1, 5.081755, 36.754140
1, 5.081510, 36.754214
1, 5.081265, 36.754291
1, 5.081089, 36.754437
1, 5.080921, 36.754599
1, 5.080748, 36.754762
1, 5.080573, 36.754916
1, 5.080373, 36.755038
1, 5.080175, 36.755174
1, 5.079983, 36.755310
1, 5.079768, 36.755415
1, 5.079514, 36.755403
1, 5.079361, 36.755241
1, 5.079265, 36.755053
1, 5.079167, 36.754862
1, 5.079054, 36.754673
1, 5.078858, 36.754541
1, 5.078628, 36.754440
1, 5.078401, 36.754339
1, 5.078160, 36.754254
1, 5.077919, 36.754184
1, 5.077668, 36.754126
1, 5.077421, 36.754078
1, 5.077172, 36.754028
1, 5.076925, 36.753984
1, 5.076678, 36.753929
1, 5.076426, 36.753874
1, 5.076172, 36.753816
1, 5.075928, 36.753767
1, 5.075671, 36.753717
1, 5.075418, 36.753664
1, 5.075171, 36.753608
1, 5.074918, 36.753547
1, 5.074668, 36.753489
1, 5.074420, 36.753431
1, 5.074177, 36.753373
1, 5.073929, 36.753310
1, 5.073682, 36.753246
1, 5.073434, 36.753182
1, 5.073193, 36.753120
1, 5.072944, 36.753056
1, 5.072697, 36.752990
1, 5.072455, 36.752925
1, 5.072206, 36.752858
1, 5.071962, 36.752791
1, 5.071712, 36.752724
1, 5.071460, 36.752656
1, 5.071210, 36.752587
1, 5.070965, 36.752520
1, 5.070721, 36.752451
1, 5.070474, 36.752383
1, 5.070227, 36.752317
1, 5.069978, 36.752251
1, 5.069731, 36.752188
1, 5.069488, 36.752126
1, 5.069239, 36.752063
1, 5.068990, 36.752000
1, 5.068736, 36.751935
1, 5.068483, 36.751875
1, 5.068240, 36.751822
1, 5.067996, 36.751769
1, 5.067749, 36.751715
1, 5.067492, 36.751659
1, 5.067246, 36.751606
1, 5.066997, 36.751551
1, 5.066742, 36.751496
1, 5.066492, 36.751445
1, 5.066232, 36.751403
1, 5.065979, 36.751356
1, 5.065732, 36.751305
1, 5.065480, 36.751276
1, 5.065220, 36.751270
1, 5.064994, 36.751273
1, 5.064817, 36.751279
1, 5.064681, 36.751284
1, 5.064593, 36.751283
1, 5.064502, 36.751282
1, 5.064423, 36.751311
1, 5.064316, 36.751309
1, 5.064182, 36.751314
1, 5.064021, 36.751330
1, 5.063843, 36.751344
1, 5.063648, 36.751354
1, 5.063434, 36.751362
1, 5.063193, 36.751366
1, 5.062941, 36.751371
1, 5.062678, 36.751374
1, 5.062419, 36.751378
1, 5.062165, 36.751380
1, 5.061910, 36.751378
1, 5.061652, 36.751376
1, 5.061395, 36.751374
1, 5.061132, 36.751372
1, 5.060872, 36.751370
1, 5.060621, 36.751369
1, 5.060357, 36.751367
1, 5.060104, 36.751365
1, 5.059849, 36.751363
1, 5.059595, 36.751361
1, 5.059334, 36.751359
1, 5.059075, 36.751357
1, 5.058822, 36.751356
1, 5.058563, 36.751355
1, 5.058305, 36.751354
1, 5.058044, 36.751353
1, 5.057790, 36.751372
1, 5.057540, 36.751401
1, 5.057282, 36.751437
1, 5.057030, 36.751467
1, 5.056773, 36.751484
1, 5.056544, 36.751533
1, 5.056291, 36.751558
1, 5.056045, 36.751585
1, 5.055843, 36.751614
1, 5.055634, 36.751591
1, 5.055427, 36.751573
1, 5.055271, 36.751554
1, 5.055165, 36.751541
1, 5.055106, 36.751544
1, 5.055028, 36.751555
1, 5.054927, 36.751546
1, 5.054809, 36.751519
1, 5.054683, 36.751487
1, 5.054560, 36.751455
1, 5.054446, 36.751425
1, 5.054325, 36.751390
1, 5.054210, 36.751337
1, 5.054102, 36.751287
1, 5.053991, 36.751237
1, 5.053884, 36.751193
1, 5.053769, 36.751146
1, 5.053661, 36.751103
1, 5.053541, 36.751067
1, 5.053420, 36.751044
1, 5.053301, 36.751034
1, 5.053173, 36.751027
1, 5.053045, 36.751020
1, 5.052922, 36.751014
1, 5.052796, 36.751006
1, 5.052673, 36.750999
1, 5.052548, 36.750992
1, 5.052417, 36.750984
1, 5.052287, 36.750979
1, 5.052162, 36.750975
1, 5.052035, 36.750991
1, 5.051917, 36.751030
1, 5.051803, 36.751076
1, 5.051686, 36.751123
1, 5.051570, 36.751170
1, 5.051454, 36.751218
1, 5.051348, 36.751264
1, 5.051242, 36.751314
1, 5.051129, 36.751367
1, 5.051016, 36.751417
1, 5.050899, 36.751467
1, 5.050790, 36.751510
1, 5.050670, 36.751554
1, 5.050547, 36.751577
1, 5.050420, 36.751572
1, 5.050300, 36.751555
1, 5.050172, 36.751529
1, 5.050055, 36.751498
1, 5.049936, 36.751466
1, 5.049815, 36.751429
1, 5.049697, 36.751392
1, 5.049580, 36.751356
1, 5.049456, 36.751318
1, 5.049338, 36.751298
1, 5.049216, 36.751279
1, 5.049084, 36.751265
1, 5.048962, 36.751254
1, 5.048830, 36.751243
1, 5.048701, 36.751231
1, 5.048580, 36.751230
1, 5.048453, 36.751232
1, 5.048323, 36.751234
1, 5.048193, 36.751237
1, 5.048062, 36.751242
1, 5.047910, 36.751253
1, 5.047739, 36.751268
1, 5.047553, 36.751284
1, 5.047352, 36.751301
1, 5.047142, 36.751318
1, 5.046932, 36.751323
1, 5.046722, 36.751320
1, 5.046522, 36.751302
1, 5.046324, 36.751286
1, 5.046125, 36.751261
1, 5.045924, 36.751228
1, 5.045727, 36.751196
1, 5.045531, 36.751163
1, 5.045328, 36.751128
1, 5.045121, 36.751091
1, 5.044921, 36.751057
1, 5.044725, 36.751023
1, 5.044519, 36.750988
1, 5.044323, 36.750956
1, 5.044122, 36.750929
1, 5.043927, 36.750901
1, 5.043727, 36.750918
1, 5.043517, 36.750933
1, 5.043306, 36.750943
1, 5.043094, 36.750942
1, 5.042883, 36.750941
1, 5.042681, 36.750939
1, 5.042475, 36.750935
1, 5.042275, 36.750933
1, 5.042075, 36.750937
1, 5.041875, 36.750940
1, 5.041670, 36.750944
1, 5.041478, 36.750972
1, 5.041291, 36.751028
1, 5.041104, 36.751102
1, 5.040918, 36.751176
1, 5.040732, 36.751251
1, 5.040550, 36.751325
1, 5.040364, 36.751402
1, 5.040180, 36.751477
1, 5.039995, 36.751554
1, 5.039818, 36.751627
1, 5.039643, 36.751718
1, 5.039472, 36.751812
1, 5.039304, 36.751908
1, 5.039146, 36.752007
1, 5.038976, 36.752110
1, 5.038813, 36.752201
1, 5.038645, 36.752290
1, 5.038466, 36.752378
1, 5.038290, 36.752456
1, 5.038102, 36.752528
1, 5.037904, 36.752564
1, 5.037701, 36.752585
1, 5.037492, 36.752606
1, 5.037292, 36.752639
1, 5.037093, 36.752690
1, 5.036902, 36.752760
1, 5.036722, 36.752838
1, 5.036562, 36.752936
1, 5.036410, 36.753042
1, 5.036258, 36.753153
1, 5.036110, 36.753270
1, 5.035969, 36.753382
1, 5.037264, 36.752646
1, 5.037236, 36.752652
1, 5.037187, 36.752664
1, 5.037118, 36.752681
1, 5.037032, 36.752712
1, 5.036921, 36.752753
1, 5.036790, 36.752806
1, 5.036654, 36.752876
1, 5.036509, 36.752970
1, 5.036359, 36.753080
1, 5.036210, 36.753191
1, 5.036074, 36.753299
1, 5.035970, 36.753380
1, 5.035902, 36.753433
1, 5.035870, 36.753457
1, 5.035841, 36.753459
1, 5.035845, 36.753436
1, 5.035887, 36.753405
1, 5.035946, 36.753359
1, 5.036025, 36.753297
1, 5.036114, 36.753226
1, 5.036221, 36.753142
1, 5.036348, 36.753048
1, 5.036489, 36.752946
1, 5.036649, 36.752843
1, 5.036821, 36.752759
1, 5.037004, 36.752691
1, 5.037200, 36.752631
1, 5.037396, 36.752588
1, 5.037595, 36.752566
1, 5.037792, 36.752547
1, 5.038000, 36.752518
1, 5.038195, 36.752461
1, 5.038381, 36.752384
1, 5.038563, 36.752299
1, 5.038735, 36.752207
1, 5.038900, 36.752118
1, 5.039068, 36.752020
1, 5.039225, 36.751921
1, 5.039393, 36.751821
1, 5.039568, 36.751724
1, 5.039740, 36.751629
1, 5.039927, 36.751550
1, 5.040109, 36.751475
1, 5.040292, 36.751399
1, 5.040480, 36.751321
1, 5.040660, 36.751248
1, 5.040838, 36.751176
1, 5.041024, 36.751102
1, 5.041206, 36.751030
1, 5.041395, 36.750964
1, 5.041593, 36.750911
1, 5.041796, 36.750913
1, 5.042008, 36.750909
1, 5.042220, 36.750905
1, 5.042425, 36.750905
1, 5.042631, 36.750909
1, 5.042836, 36.750912
1, 5.043048, 36.750913
1, 5.043257, 36.750915
1, 5.043431, 36.750908
1, 5.043568, 36.750901
1, 5.043655, 36.750896
1, 5.043764, 36.750880
1, 5.043888, 36.750854
1, 5.044034, 36.750861
1, 5.044196, 36.750886
1, 5.044374, 36.750910
1, 5.044566, 36.750945
1, 5.044773, 36.750980
1, 5.044971, 36.751012
1, 5.045169, 36.751043
1, 5.045375, 36.751076
1, 5.045582, 36.751109
1, 5.045779, 36.751140
1, 5.045976, 36.751171
1, 5.046180, 36.751204
1, 5.046380, 36.751226
1, 5.046590, 36.751248
1, 5.046792, 36.751266
1, 5.047002, 36.751266
1, 5.047212, 36.751259
1, 5.047424, 36.751252
1, 5.047627, 36.751221
1, 5.047823, 36.751189
1, 5.047986, 36.751171
1, 5.048146, 36.751160
1, 5.048278, 36.751158
1, 5.048407, 36.751158
1, 5.048535, 36.751156
1, 5.048655, 36.751155
1, 5.048781, 36.751159
1, 5.048901, 36.751173
1, 5.049019, 36.751182
1, 5.049149, 36.751194
1, 5.049266, 36.751211
1, 5.049386, 36.751233
1, 5.049513, 36.751261
1, 5.049635, 36.751294
1, 5.049750, 36.751331
1, 5.049873, 36.751371
1, 5.049991, 36.751408
1, 5.050114, 36.751440
1, 5.050234, 36.751472
1, 5.050352, 36.751495
1, 5.050474, 36.751505
1, 5.050601, 36.751509
1, 5.050719, 36.751463
1, 5.050825, 36.751419
1, 5.050931, 36.751372
1, 5.051046, 36.751321
1, 5.051161, 36.751271
1, 5.051268, 36.751224
1, 5.051381, 36.751176
1, 5.051496, 36.751128
1, 5.051610, 36.751082
1, 5.051728, 36.751034
1, 5.051838, 36.750990
1, 5.051957, 36.750943
1, 5.052077, 36.750919
1, 5.052201, 36.750915
1, 5.052333, 36.750923
1, 5.052463, 36.750931
1, 5.052590, 36.750938
1, 5.052722, 36.750943
1, 5.052848, 36.750947
1, 5.052977, 36.750951
1, 5.053098, 36.750955
1, 5.053219, 36.750959
1, 5.053340, 36.750969
1, 5.053459, 36.750981
1, 5.053580, 36.751007
1, 5.053695, 36.751041
1, 5.053802, 36.751083
1, 5.053915, 36.751130
1, 5.054025, 36.751176
1, 5.054133, 36.751221
1, 5.054244, 36.751269
1, 5.054356, 36.751312
1, 5.054470, 36.751351
1, 5.054588, 36.751373
1, 5.054713, 36.751401
1, 5.054834, 36.751429
1, 5.054956, 36.751453
1, 5.055080, 36.751473
1, 5.055208, 36.751489
1, 5.055324, 36.751502
1, 5.055401, 36.751511
1, 5.055449, 36.751516
1, 5.055494, 36.751505
1, 5.055542, 36.751453
1, 5.055644, 36.751410
1, 5.055774, 36.751423
1, 5.055877, 36.751477
1, 5.055993, 36.751483
1, 5.056130, 36.751468
1, 5.056293, 36.751449
1, 5.056483, 36.751425
1, 5.056699, 36.751399
1, 5.056939, 36.751367
1, 5.057189, 36.751337
1, 5.057443, 36.751308
1, 5.057699, 36.751278
1, 5.057956, 36.751260
1, 5.058213, 36.751260
1, 5.058477, 36.751259
1, 5.058730, 36.751259
1, 5.058986, 36.751258
1, 5.059245, 36.751258
1, 5.059509, 36.751258
1, 5.059774, 36.751258
1, 5.060027, 36.751259
1, 5.060283, 36.751260
1, 5.060535, 36.751260
1, 5.060799, 36.751261
1, 5.061063, 36.751262
1, 5.061326, 36.751263
1, 5.061587, 36.751263
1, 5.061844, 36.751264
1, 5.062106, 36.751265
1, 5.062366, 36.751265
1, 5.062618, 36.751266
1, 5.062876, 36.751267
1, 5.063136, 36.751268
1, 5.063397, 36.751265
1, 5.063656, 36.751242
1, 5.063861, 36.751205
1, 5.064011, 36.751161
1, 5.064114, 36.751131
1, 5.064199, 36.751108
1, 5.064281, 36.751062
1, 5.064385, 36.751042
1, 5.064479, 36.751069
1, 5.064554, 36.751106
1, 5.064652, 36.751120
1, 5.064775, 36.751139
1, 5.064916, 36.751158
1, 5.065082, 36.751176
1, 5.065272, 36.751178
1, 5.065483, 36.751180
1, 5.065713, 36.751210
1, 5.065960, 36.751248
1, 5.066213, 36.751291
1, 5.066471, 36.751335
1, 5.066729, 36.751385
1, 5.066980, 36.751438
1, 5.067224, 36.751489
1, 5.067482, 36.751543
1, 5.067728, 36.751596
1, 5.067981, 36.751655
1, 5.068235, 36.751719
1, 5.068488, 36.751782
1, 5.068728, 36.751841
1, 5.068974, 36.751902
1, 5.069223, 36.751965
1, 5.069469, 36.752026
1, 5.069714, 36.752087
1, 5.069966, 36.752152
1, 5.070211, 36.752218
1, 5.070459, 36.752286
1, 5.070701, 36.752352
1, 5.070951, 36.752424
1, 5.071188, 36.752497
1, 5.071434, 36.752567
1, 5.071677, 36.752636
1, 5.071925, 36.752706
1, 5.072175, 36.752776
1, 5.072415, 36.752836
1, 5.072662, 36.752895
1, 5.072912, 36.752954
1, 5.073166, 36.753014
1, 5.073421, 36.753076
1, 5.073666, 36.753139
1, 5.073908, 36.753202
1, 5.074160, 36.753266
1, 5.074404, 36.753329
1, 5.074645, 36.753388
1, 5.074896, 36.753448
1, 5.075146, 36.753507
1, 5.075390, 36.753559
1, 5.075634, 36.753610
1, 5.075882, 36.753665
1, 5.076130, 36.753721
1, 5.076379, 36.753776
1, 5.076620, 36.753832
1, 5.076863, 36.753894
1, 5.077062, 36.753945
1, 5.077199, 36.754005
1, 5.077342, 36.754032
1, 5.077505, 36.754064
1, 5.077689, 36.754100
1, 5.077888, 36.754146
1, 5.078100, 36.754205
1, 5.078327, 36.754277
1, 5.078550, 36.754373
1, 5.078783, 36.754475
1, 5.079005, 36.754574
1, 5.079241, 36.754647
1, 5.079482, 36.754720
1, 5.079723, 36.754793
1, 5.079962, 36.754863
1, 5.080207, 36.754933
1, 5.080457, 36.754922
1, 5.080656, 36.754800
1, 5.080829, 36.754644
1, 5.080992, 36.754485
1, 5.081162, 36.754327
1, 5.081371, 36.754211
1, 5.081615, 36.754156
1, 5.081845, 36.754068
1, 5.082005, 36.753905
1, 5.082099, 36.753706
1, 5.082182, 36.753508
1, 5.082268, 36.753309
1, 5.082399, 36.753134
1, 5.082556, 36.752964
1, 5.082688, 36.752820
1, 5.082797, 36.752710
1, 5.082882, 36.752638
1, 5.082948, 36.752605
1, 5.082975, 36.752612
1, 5.082963, 36.752631
1, 5.082937, 36.752643
1, 5.082894, 36.752666
1, 5.082846, 36.752706
1, 5.082793, 36.752760
1, 5.082724, 36.752830
1, 5.082643, 36.752917
1, 5.082548, 36.753021
1, 5.082436, 36.753142
1, 5.082321, 36.753284
1, 5.082914, 36.752655
1, 5.082898, 36.752664
1, 5.082871, 36.752683
1, 5.082831, 36.752722
1, 5.082775, 36.752779
1, 5.082704, 36.752850
1, 5.082624, 36.752937
1, 5.082531, 36.753039
1, 5.082424, 36.753155
1, 5.082317, 36.753291
1, 5.082241, 36.753457
1, 5.082165, 36.753639
1, 5.082077, 36.753836
1, 5.081965, 36.754015
1, 5.081755, 36.754140
1, 5.081510, 36.754214
1, 5.081265, 36.754291
1, 5.081089, 36.754437
1, 5.080921, 36.754599
1, 5.080748, 36.754762
1, 5.080569, 36.754918
1, 5.080369, 36.755041
1, 5.080171, 36.755177
1, 5.079979, 36.755312
1, 5.079763, 36.755416
1, 5.079509, 36.755401
1, 5.079360, 36.755237
1, 5.079264, 36.755049
1, 5.079165, 36.754858
1, 5.079051, 36.754669
1, 5.078857, 36.754541
1, 5.078635, 36.754443
1, 5.078408, 36.754342
1, 5.078167, 36.754256
1, 5.077922, 36.754184
1, 5.077679, 36.754128
1, 5.077432, 36.754080
1, 5.077183, 36.754030
1, 5.076934, 36.753986
1, 5.076681, 36.753930
1, 5.076438, 36.753876
1, 5.076189, 36.753820
1, 5.075932, 36.753768
1, 5.075687, 36.753720
1, 5.075432, 36.753667
1, 5.075177, 36.753609
1, 5.074930, 36.753550
1, 5.074682, 36.753492
1, 5.074427, 36.753433
1, 5.074183, 36.753375
1, 5.073935, 36.753311
1, 5.073689, 36.753248
1, 5.073441, 36.753184
1, 5.073200, 36.753122
1, 5.072950, 36.753058
1, 5.072703, 36.752992
1, 5.072461, 36.752926
1, 5.072219, 36.752861
1, 5.071972, 36.752794
1, 5.071731, 36.752729
1, 5.071488, 36.752663
1, 5.071238, 36.752595
1, 5.070997, 36.752529
1, 5.070757, 36.752461
1, 5.070510, 36.752393
1, 5.070264, 36.752327
1, 5.070014, 36.752260
1, 5.069768, 36.752197
1, 5.069522, 36.752135
1, 5.069273, 36.752072
1, 5.069024, 36.752009
1, 5.068784, 36.751947
1, 5.068529, 36.751885
1, 5.068274, 36.751829
1, 5.068031, 36.751776
1, 5.067787, 36.751723
1, 5.067540, 36.751670
1, 5.067293, 36.751616
1, 5.067046, 36.751562
1, 5.066802, 36.751509
1, 5.066559, 36.751456
1, 5.066301, 36.751414
1, 5.066048, 36.751371
1, 5.065792, 36.751315
1, 5.065537, 36.751281
1, 5.065281, 36.751270
1, 5.065046, 36.751273
1, 5.064851, 36.751278
1, 5.064707, 36.751283
1, 5.064612, 36.751283
1, 5.064513, 36.751281
1, 5.064427, 36.751311
1, 5.064309, 36.751307
1, 5.064163, 36.751316
1, 5.064028, 36.751329
1, 5.063922, 36.751340
1, 5.063852, 36.751325
1, 5.063811, 36.751281
1, 5.063811, 36.751239
1, 5.063842, 36.751191
1, 5.063896, 36.751156
1, 5.063984, 36.751124
1, 5.064079, 36.751072
1, 5.064139, 36.750973
1, 5.064158, 36.750879
1, 5.064121, 36.750788
1, 5.064061, 36.750686
1, 5.063986, 36.750573
1, 5.063897, 36.750451
1, 5.063794, 36.750310
1, 5.063688, 36.750165
1, 5.063584, 36.750022
1, 5.063483, 36.749882
1, 5.063385, 36.749741
1, 5.063281, 36.749592
1, 5.063183, 36.749450
1, 5.063085, 36.749310
1, 5.062988, 36.749171
1, 5.062890, 36.749029
1, 5.062790, 36.748887
1, 5.062709, 36.748772
1, 5.062653, 36.748692
1, 5.062606, 36.748658
1, 5.062546, 36.748660
1, 5.062469, 36.748674
1, 5.062378, 36.748691
1, 5.062262, 36.748712
1, 5.062132, 36.748735
1, 5.062004, 36.748759
1, 5.061884, 36.748781
1, 5.061768, 36.748802
1, 5.061650, 36.748825
1, 5.061529, 36.748854
1, 5.061412, 36.748881
1, 5.061291, 36.748906
1, 5.061164, 36.748929
1, 5.061041, 36.748952
1, 5.060916, 36.748976
1, 5.060798, 36.748998
1, 5.060678, 36.749018
1, 5.060556, 36.749036
1, 5.060434, 36.749052
1, 5.060313, 36.749068
1, 5.060185, 36.749086
1, 5.060062, 36.749101
1, 5.059938, 36.749117
1, 5.059812, 36.749132
1, 5.059694, 36.749147
1, 5.059570, 36.749162
1, 5.059451, 36.749177
1, 5.059325, 36.749192
1, 5.059206, 36.749207
1, 5.059081, 36.749223
1, 5.058951, 36.749239
1, 5.058828, 36.749254
1, 5.058701, 36.749270
1, 5.058572, 36.749286
1, 5.058454, 36.749303
1, 5.058329, 36.749321
1, 5.058202, 36.749340
1, 5.058079, 36.749358
1, 5.057957, 36.749376
1, 5.057835, 36.749394
1, 5.057710, 36.749412
1, 5.057593, 36.749429
1, 5.057469, 36.749448
1, 5.057348, 36.749465
1, 5.057230, 36.749483
1, 5.057105, 36.749501
1, 5.056988, 36.749518
1, 5.056869, 36.749536
1, 5.056752, 36.749553
1, 5.056629, 36.749571
1, 5.056502, 36.749590
1, 5.056384, 36.749607
1, 5.056258, 36.749626
1, 5.056142, 36.749643
1, 5.056011, 36.749662
1, 5.055889, 36.749680
1, 5.055765, 36.749698
1, 5.055635, 36.749717
1, 5.055505, 36.749737
1, 5.055385, 36.749754
1, 5.055255, 36.749773
1, 5.055135, 36.749791
1, 5.055006, 36.749811
1, 5.054888, 36.749831
1, 5.054759, 36.749854
1, 5.054667, 36.749874
1, 5.054623, 36.749884
1, 5.054621, 36.749884
1, 5.054620, 36.749884
1, 5.054620, 36.749884
1, 5.054620, 36.749884
1, 5.054620, 36.749884
1, 5.054620, 36.749884
1, 5.054601, 36.749889
1, 5.054565, 36.749896
1, 5.054506, 36.749905
1, 5.054425, 36.749901
1, 5.054371, 36.749846
1, 5.054321, 36.749768
1, 5.054262, 36.749679
1, 5.054193, 36.749573
1, 5.054113, 36.749456
1, 5.054022, 36.749329
1, 5.053889, 36.749203
1, 5.053769, 36.749045
1, 5.053630, 36.748880
1, 5.053477, 36.748716
1, 5.053315, 36.748561
1, 5.053137, 36.748404
1, 5.052979, 36.748273
1, 5.052842, 36.748178
1, 5.052742, 36.748110
1, 5.052680, 36.748069
1, 5.052625, 36.748054
1, 5.052574, 36.748084
1, 5.052531, 36.748126
1, 5.052473, 36.748178
1, 5.052403, 36.748238
1, 5.052314, 36.748313
1, 5.052226, 36.748387
1, 5.052138, 36.748461
1, 5.052053, 36.748533
1, 5.051961, 36.748610
1, 5.051879, 36.748686
1, 5.051799, 36.748767
1, 5.051717, 36.748850
1, 5.051650, 36.748932
1, 5.051587, 36.749024
1, 5.051530, 36.749109
1, 5.051467, 36.749204
1, 5.051401, 36.749293
1, 5.051305, 36.749351
1, 5.051189, 36.749369
1, 5.051072, 36.749387
1, 5.050943, 36.749407
1, 5.050819, 36.749427
1, 5.050689, 36.749447
1, 5.050562, 36.749467
1, 5.050438, 36.749486
1, 5.050314, 36.749505
1, 5.050192, 36.749515
1, 5.050069, 36.749523
1, 5.049942, 36.749532
1, 5.049822, 36.749540
1, 5.049778, 36.749475
1, 5.049765, 36.749413
1, 5.049734, 36.749369
1, 5.049676, 36.749361
1, 5.049588, 36.749364
1, 5.049472, 36.749368
1, 5.049341, 36.749372
1, 5.049219, 36.749377
1, 5.049097, 36.749381
1, 5.048972, 36.749385
1, 5.048851, 36.749389
1, 5.048780, 36.749392
1, 5.048710, 36.749398
1, 5.048658, 36.749433
1, 5.048639, 36.749487
1, 5.048617, 36.749555
1, 5.048590, 36.749638
1, 5.048558, 36.749739
1, 5.048526, 36.749837
1, 5.048496, 36.749930
1, 5.048463, 36.750032
1, 5.048433, 36.750125
1, 5.048402, 36.750223
1, 5.048370, 36.750321
1, 5.048339, 36.750417
1, 5.048309, 36.750512
1, 5.048276, 36.750612
1, 5.048244, 36.750714
1, 5.048211, 36.750817
1, 5.048179, 36.750913
1, 5.048146, 36.751016
1, 5.048126, 36.751079
1, 5.048097, 36.751151
1, 5.048046, 36.751215
1, 5.047965, 36.751248
1, 5.047842, 36.751259
1, 5.047702, 36.751271
1, 5.047536, 36.751285
1, 5.047344, 36.751302
1, 5.047136, 36.751318
1, 5.046933, 36.751323
1, 5.046727, 36.751321
1, 5.046521, 36.751301
1, 5.046321, 36.751286
1, 5.046114, 36.751259
1, 5.045914, 36.751226
1, 5.045713, 36.751193
1, 5.045504, 36.751158
1, 5.045304, 36.751123
1, 5.045106, 36.751089
1, 5.044905, 36.751054
1, 5.044699, 36.751019
1, 5.044494, 36.750984
1, 5.044291, 36.750951
1, 5.044095, 36.750926
1, 5.043891, 36.750901
1, 5.043683, 36.750924
1, 5.043477, 36.750935
1, 5.043276, 36.750944
1, 5.043067, 36.750942
1, 5.042866, 36.750941
1, 5.042660, 36.750939
1, 5.042457, 36.750935
1, 5.042254, 36.750933
1, 5.042048, 36.750937
1, 5.041848, 36.750941
1, 5.041639, 36.750942
1, 5.041445, 36.750981
1, 5.041251, 36.751044
1, 5.041064, 36.751118
1, 5.040876, 36.751193
1, 5.040692, 36.751268
1, 5.040509, 36.751342
1, 5.040327, 36.751417
1, 5.040150, 36.751490
1, 5.039963, 36.751567
1, 5.039777, 36.751644
1, 5.039612, 36.751735
1, 5.039439, 36.751831
1, 5.039270, 36.751929
1, 5.039113, 36.752028
1, 5.038951, 36.752124
1, 5.038784, 36.752216
1, 5.038606, 36.752311
1, 5.038429, 36.752395
1, 5.038243, 36.752474
1, 5.038049, 36.752538
1, 5.037849, 36.752571
1, 5.037641, 36.752591
1, 5.037437, 36.752612
1, 5.037240, 36.752651
1, 5.037053, 36.752705
1, 5.036863, 36.752774
1, 5.036680, 36.752859
1, 5.036525, 36.752960
1, 5.036371, 36.753070
1, 5.036225, 36.753179
1, 5.036077, 36.753296
1, 5.035935, 36.753408
1, 5.037264, 36.752646
1, 5.037236, 36.752652
1, 5.037187, 36.752664
1, 5.037118, 36.752681
1, 5.037032, 36.752712
1, 5.036921, 36.752753
1, 5.036790, 36.752806
1, 5.036654, 36.752876
1, 5.036509, 36.752970
1, 5.036359, 36.753080
1, 5.036210, 36.753191
1, 5.036074, 36.753299
1, 5.035970, 36.753380
1, 5.035902, 36.753433
1, 5.035870, 36.753457
1, 5.035841, 36.753459
1, 5.035845, 36.753436
1, 5.035887, 36.753405
1, 5.035946, 36.753359
1, 5.036025, 36.753297
1, 5.036114, 36.753226
1, 5.036221, 36.753142
1, 5.036348, 36.753048
1, 5.036489, 36.752946
1, 5.036649, 36.752843
1, 5.036821, 36.752759
1, 5.037004, 36.752691
1, 5.037200, 36.752631
1, 5.037396, 36.752588
1, 5.037595, 36.752566
1, 5.037792, 36.752547
1, 5.038000, 36.752518
1, 5.038195, 36.752461
1, 5.038381, 36.752384
1, 5.038563, 36.752299
1, 5.038735, 36.752207
1, 5.038900, 36.752118
1, 5.039068, 36.752020
1, 5.039225, 36.751921
1, 5.039393, 36.751821
1, 5.039568, 36.751724
1, 5.039740, 36.751629
1, 5.039927, 36.751550
1, 5.040109, 36.751475
1, 5.040292, 36.751399
1, 5.040480, 36.751321
1, 5.040660, 36.751248
1, 5.040838, 36.751176
1, 5.041024, 36.751102
1, 5.041206, 36.751030
1, 5.041395, 36.750964
1, 5.041593, 36.750911
1, 5.041796, 36.750913
1, 5.042008, 36.750909
1, 5.042220, 36.750905
1, 5.042425, 36.750905
1, 5.042631, 36.750909
1, 5.042836, 36.750912
1, 5.043048, 36.750913
1, 5.043257, 36.750915
1, 5.043431, 36.750908
1, 5.043568, 36.750901
1, 5.043655, 36.750896
1, 5.043704, 36.750892
1, 5.043742, 36.750884
1, 5.043744, 36.750862
1, 5.043700, 36.750848
1, 5.043638, 36.750830
1, 5.043557, 36.750803
1, 5.043461, 36.750761
1, 5.043340, 36.750708
1, 5.043200, 36.750646
1, 5.043046, 36.750576
1, 5.042885, 36.750478
1, 5.042727, 36.750381
1, 5.042565, 36.750282
1, 5.042407, 36.750185
1, 5.042246, 36.750086
1, 5.042085, 36.749988
1, 5.041916, 36.749885
1, 5.041748, 36.749782
1, 5.041582, 36.749681
1, 5.041415, 36.749578
1, 5.041255, 36.749482
1, 5.041098, 36.749389
1, 5.040980, 36.749320
1, 5.040903, 36.749273
1, 5.040852, 36.749228
1, 5.040856, 36.749176
1, 5.040918, 36.749132
1, 5.040981, 36.749105
1, 5.041072, 36.749072
1, 5.041178, 36.749034
1, 5.041296, 36.748992
1, 5.041405, 36.748953
1, 5.041520, 36.748911
1, 5.041635, 36.748870
1, 5.041749, 36.748829
1, 5.041864, 36.748788
1, 5.041976, 36.748748
1, 5.042096, 36.748705
1, 5.042212, 36.748663
1, 5.042325, 36.748623
1, 5.042434, 36.748583
1, 5.042544, 36.748544
1, 5.042657, 36.748503
1, 5.042771, 36.748462
1, 5.042880, 36.748423
1, 5.042999, 36.748380
1, 5.043108, 36.748341
1, 5.043220, 36.748301
1, 5.043336, 36.748259
1, 5.043452, 36.748218
1, 5.043564, 36.748178
1, 5.043679, 36.748136
1, 5.043788, 36.748097
1, 5.043904, 36.748055
1, 5.044015, 36.748016
1, 5.044133, 36.747973
1, 5.044245, 36.747933
1, 5.044357, 36.747893
1, 5.044472, 36.747851
1, 5.044592, 36.747809
1, 5.044709, 36.747767
1, 5.044824, 36.747725
1, 5.044944, 36.747682
1, 5.045064, 36.747639
1, 5.045177, 36.747598
1, 5.045288, 36.747559
1, 5.045406, 36.747516
1, 5.045516, 36.747477
1, 5.045625, 36.747438
1, 5.045742, 36.747395
1, 5.045860, 36.747353
1, 5.045980, 36.747310
1, 5.046090, 36.747270
1, 5.046200, 36.747231
1, 5.046310, 36.747192
1, 5.046425, 36.747150
1, 5.046539, 36.747108
1, 5.046648, 36.747063
1, 5.046753, 36.747019
1, 5.046860, 36.746974
1, 5.046971, 36.746926
1, 5.047085, 36.746877
1, 5.047195, 36.746830
1, 5.047312, 36.746780
1, 5.047424, 36.746733
1, 5.047533, 36.746686
1, 5.047646, 36.746637
1, 5.047763, 36.746587
1, 5.047878, 36.746538
1, 5.047984, 36.746493
1, 5.048093, 36.746452
1, 5.048203, 36.746414
1, 5.048316, 36.746374
1, 5.048434, 36.746333
1, 5.048543, 36.746295
1, 5.048652, 36.746256
1, 5.048772, 36.746214
1, 5.048889, 36.746173
1, 5.048998, 36.746135
1, 5.049117, 36.746093
1, 5.049237, 36.746050
1, 5.049341, 36.746013
1, 5.049399, 36.745992
1, 5.049443, 36.745972
1, 5.049448, 36.745934
1, 5.049417, 36.745895
1, 5.049375, 36.745846
1, 5.049351, 36.745765
1, 5.049281, 36.745681
1, 5.049197, 36.745580
1, 5.049099, 36.745462
1, 5.048989, 36.745329
1, 5.048886, 36.745167
1, 5.048778, 36.744992
1, 5.048679, 36.744845
1, 5.048604, 36.744733
1, 5.048549, 36.744649
1, 5.048515, 36.744596
1, 5.048515, 36.744563
1, 5.048550, 36.744556
1, 5.048579, 36.744578
1, 5.048605, 36.744620
1, 5.048639, 36.744675
1, 5.048682, 36.744743
1, 5.048733, 36.744823
1, 5.048796, 36.744921
1, 5.048878, 36.745033
1, 5.048969, 36.745157
1, 5.049075, 36.745295
1, 5.049180, 36.745450
1, 5.049297, 36.745613
1, 5.049441, 36.745780
1, 5.049626, 36.745923
1, 5.049793, 36.746083
1, 5.049965, 36.746244
1, 5.050144, 36.746392
1, 5.050339, 36.746532
1, 5.050541, 36.746660
1, 5.050746, 36.746793
1, 5.050959, 36.746913
1, 5.051172, 36.747035
1, 5.051381, 36.747159
1, 5.051586, 36.747282
1, 5.051792, 36.747406
1, 5.052007, 36.747530
1, 5.052221, 36.747652
1, 5.052435, 36.747776
1, 5.052654, 36.747886
1, 5.052855, 36.748011
1, 5.053048, 36.748155
1, 5.053233, 36.748301
1, 5.053422, 36.748453
1, 5.053585, 36.748613
1, 5.053738, 36.748774
1, 5.053879, 36.748945
1, 5.054015, 36.749119
1, 5.054147, 36.749302
1, 5.054264, 36.749475
1, 5.054358, 36.749612
1, 5.054429, 36.749717
1, 5.054478, 36.749788
1, 5.054502, 36.749824
1, 5.054503, 36.749825
1, 5.054503, 36.749825
1, 5.054503, 36.749825
1, 5.054503, 36.749825
1, 5.054503, 36.749825
1, 5.054503, 36.749825
1, 5.054503, 36.749825
1, 5.054503, 36.749825
1, 5.054503, 36.749825
1, 5.054503, 36.749825
1, 5.054503, 36.749825
1, 5.054503, 36.749825
1, 5.054517, 36.749845
1, 5.054538, 36.749877
1, 5.054573, 36.749929
1, 5.054618, 36.749995
1, 5.054672, 36.750076
1, 5.054736, 36.750171
1, 5.054808, 36.750281
1, 5.054893, 36.750411
1, 5.054990, 36.750560
1, 5.055108, 36.750724
1, 5.055237, 36.750906
1, 5.055347, 36.751071
1, 5.055432, 36.751200
1, 5.055509, 36.751286
1, 5.055560, 36.751338
1, 5.055605, 36.751382
1, 5.055669, 36.751408
1, 5.055754, 36.751416
1, 5.055850, 36.751465
1, 5.055962, 36.751482
1, 5.056105, 36.751472
1, 5.056272, 36.751451
1, 5.056464, 36.751428
1, 5.056675, 36.751402
1, 5.056906, 36.751371
1, 5.057159, 36.751341
1, 5.057418, 36.751311
1, 5.057678, 36.751281
1, 5.057932, 36.751260
1, 5.058185, 36.751260
1, 5.058439, 36.751259
1, 5.058692, 36.751259
1, 5.058945, 36.751258
1, 5.059210, 36.751258
1, 5.059462, 36.751258
1, 5.059715, 36.751258
1, 5.059969, 36.751259
1, 5.060234, 36.751260
1, 5.060497, 36.751260
1, 5.060763, 36.751261
1, 5.061022, 36.751262
1, 5.061279, 36.751262
1, 5.061538, 36.751263
1, 5.061797, 36.751264
1, 5.062055, 36.751265
1, 5.062312, 36.751265
1, 5.062572, 36.751266
1, 5.062834, 36.751267
1, 5.063087, 36.751267
1, 5.063348, 36.751268
1, 5.063604, 36.751250
1, 5.063816, 36.751215
1, 5.063972, 36.751172
1, 5.064081, 36.751141
1, 5.064148, 36.751121
1, 5.064218, 36.751103
1, 5.064286, 36.751058
1, 5.064388, 36.751042
1, 5.064479, 36.751069
1, 5.064566, 36.751107
1, 5.064656, 36.751121
1, 5.064771, 36.751138
1, 5.064910, 36.751157
1, 5.065069, 36.751176
1, 5.065252, 36.751178
1, 5.065461, 36.751180
1, 5.065684, 36.751206
1, 5.065922, 36.751242
1, 5.066176, 36.751285
1, 5.066429, 36.751328
1, 5.066681, 36.751375
1, 5.066929, 36.751427
1, 5.067185, 36.751481
1, 5.067431, 36.751533
1, 5.067682, 36.751586
1, 5.067929, 36.751642
1, 5.068180, 36.751705
1, 5.068430, 36.751767
1, 5.068682, 36.751830
1, 5.068934, 36.751893
1, 5.069174, 36.751952
1, 5.069415, 36.752012
1, 5.069656, 36.752072
1, 5.069898, 36.752133
1, 5.070147, 36.752201
1, 5.070391, 36.752267
1, 5.070636, 36.752334
1, 5.070887, 36.752405
1, 5.071127, 36.752478
1, 5.071365, 36.752548
1, 5.071613, 36.752618
1, 5.071853, 36.752685
1, 5.072100, 36.752755
1, 5.072344, 36.752819
1, 5.072591, 36.752878
1, 5.072846, 36.752938
1, 5.073095, 36.752997
1, 5.073343, 36.753057
1, 5.073588, 36.753119
1, 5.073829, 36.753181
1, 5.074077, 36.753245
1, 5.074326, 36.753309
1, 5.074575, 36.753371
1, 5.074823, 36.753430
1, 5.075072, 36.753490
1, 5.075323, 36.753545
1, 5.075579, 36.753598
1, 5.075831, 36.753654
1, 5.076079, 36.753709
1, 5.076329, 36.753765
1, 5.076580, 36.753822
1, 5.076825, 36.753884
1, 5.077022, 36.753935
1, 5.077157, 36.753995
1, 5.077308, 36.754026
1, 5.077478, 36.754059
1, 5.077667, 36.754096
1, 5.077872, 36.754141
1, 5.078097, 36.754204
1, 5.078333, 36.754279
1, 5.078562, 36.754379
1, 5.078785, 36.754476
1, 5.079009, 36.754575
1, 5.079252, 36.754650
1, 5.079496, 36.754724
1, 5.079734, 36.754796
1, 5.079971, 36.754866
1, 5.080219, 36.754935
1, 5.080477, 36.754920
1, 5.080669, 36.754789
1, 5.080839, 36.754634
1, 5.081000, 36.754477
1, 5.081168, 36.754322
1, 5.081381, 36.754209
1, 5.081627, 36.754153
1, 5.081858, 36.754059
1, 5.082012, 36.753891
1, 5.082105, 36.753691
1, 5.082190, 36.753489
1, 5.082276, 36.753295
1, 5.082412, 36.753120
1, 5.082565, 36.752953
1, 5.082692, 36.752817
1, 5.082800, 36.752707
1, 5.082885, 36.752636
1, 5.082948, 36.752606
1, 5.082975, 36.752612
1, 5.082968, 36.752628
1, 5.082946, 36.752639
1, 5.082902, 36.752662
1, 5.082850, 36.752702
1, 5.082796, 36.752757
1, 5.082727, 36.752828
1, 5.082650, 36.752908
1, 5.082567, 36.753000
1, 5.082468, 36.753107
1, 5.082362, 36.753228
1, 5.082914, 36.752655
1, 5.082898, 36.752664
1, 5.082871, 36.752683
1, 5.082831, 36.752722
1, 5.082775, 36.752779
1, 5.082704, 36.752850
1, 5.082624, 36.752937
1, 5.082531, 36.753039
1, 5.082424, 36.753155
1, 5.082317, 36.753291
1, 5.082241, 36.753457
1, 5.082165, 36.753639
1, 5.082077, 36.753836
1, 5.081965, 36.754015
1, 5.081755, 36.754140
1, 5.081510, 36.754214
1, 5.081265, 36.754291
1, 5.081089, 36.754437
1, 5.080921, 36.754599
1, 5.080748, 36.754762
1, 5.080573, 36.754916
1, 5.080373, 36.755038
1, 5.080175, 36.755174
1, 5.079983, 36.755310
1, 5.079768, 36.755415
1, 5.079514, 36.755403
1, 5.079361, 36.755241
1, 5.079265, 36.755053
1, 5.079167, 36.754862
1, 5.079054, 36.754673
1, 5.078858, 36.754541
1, 5.078664, 36.754456
1, 5.078513, 36.754390
1, 5.078404, 36.754340
1, 5.078342, 36.754306
1, 5.078268, 36.754254
1, 5.078188, 36.754188
1, 5.078106, 36.754102
1, 5.078010, 36.754001
1, 5.077913, 36.753876
1, 5.077804, 36.753733
1, 5.077686, 36.753581
1, 5.077557, 36.753413
1, 5.077431, 36.753245
1, 5.077294, 36.753134
1, 5.077180, 36.753058
1, 5.077119, 36.752996
1, 5.077054, 36.752924
1, 5.076980, 36.752883
1, 5.076936, 36.752843
1, 5.076874, 36.752810
1, 5.076792, 36.752762
1, 5.076693, 36.752700
1, 5.076575, 36.752627
1, 5.076444, 36.752541
1, 5.076292, 36.752442
1, 5.076124, 36.752333
1, 5.075945, 36.752212
1, 5.075748, 36.752077
1, 5.075551, 36.751941
1, 5.075356, 36.751808
1, 5.075161, 36.751674
1, 5.074977, 36.751529
1, 5.074801, 36.751376
1, 5.074644, 36.751210
1, 5.074513, 36.751030
1, 5.074388, 36.750848
1, 5.074268, 36.750673
1, 5.074176, 36.750532
1, 5.074107, 36.750428
1, 5.074061, 36.750358
1, 5.074018, 36.750327
1, 5.073961, 36.750333
1, 5.073890, 36.750355
1, 5.073796, 36.750385
1, 5.073683, 36.750419
1, 5.073560, 36.750457
1, 5.073450, 36.750492
1, 5.073334, 36.750528
1, 5.073240, 36.750579
1, 5.073186, 36.750664
1, 5.073160, 36.750740
1, 5.073079, 36.750815
1, 5.073004, 36.750893
1, 5.072962, 36.750992
1, 5.072919, 36.751092
1, 5.072879, 36.751185
1, 5.072840, 36.751275
1, 5.072818, 36.751327
1, 5.072782, 36.751367
1, 5.072721, 36.751373
1, 5.072664, 36.751360
1, 5.072580, 36.751339
1, 5.072478, 36.751314
1, 5.072354, 36.751283
1, 5.072236, 36.751254
1, 5.072122, 36.751226
1, 5.072005, 36.751197
1, 5.071891, 36.751169
1, 5.071768, 36.751138
1, 5.071652, 36.751112
1, 5.071536, 36.751109
1, 5.071469, 36.751111
1, 5.071379, 36.751131
1, 5.071311, 36.751187
1, 5.071249, 36.751266
1, 5.071205, 36.751355
1, 5.071165, 36.751452
1, 5.071125, 36.751552
1, 5.071088, 36.751645
1, 5.071049, 36.751741
1, 5.071010, 36.751837
1, 5.070968, 36.751936
1, 5.070929, 36.752029
1, 5.070888, 36.752123
1, 5.070848, 36.752220
1, 5.070822, 36.752287
1, 5.070807, 36.752325
1, 5.070775, 36.752381
1, 5.070699, 36.752422
1, 5.070613, 36.752419
1, 5.070527, 36.752397
1, 5.070426, 36.752370
1, 5.070300, 36.752336
1, 5.070156, 36.752298
1, 5.069989, 36.752254
1, 5.069794, 36.752204
1, 5.069583, 36.752151
1, 5.069358, 36.752093
1, 5.069113, 36.752031
1, 5.068865, 36.751968
1, 5.068620, 36.751906
1, 5.068377, 36.751852
1, 5.068133, 36.751799
1, 5.067884, 36.751744
1, 5.067628, 36.751689
1, 5.067379, 36.751635
1, 5.067135, 36.751582
1, 5.066881, 36.751526
1, 5.066626, 36.751471
1, 5.066370, 36.751425
1, 5.066123, 36.751385
1, 5.065877, 36.751334
1, 5.065627, 36.751292
1, 5.065372, 36.751273
1, 5.065112, 36.751271
1, 5.064902, 36.751276
1, 5.064742, 36.751282
1, 5.064633, 36.751283
1, 5.064541, 36.751282
1, 5.064453, 36.751304
1, 5.064333, 36.751313
1, 5.064195, 36.751312
1, 5.064037, 36.751328
1, 5.063864, 36.751343
1, 5.063667, 36.751353
1, 5.063450, 36.751362
1, 5.063207, 36.751366
1, 5.062956, 36.751370
1, 5.062693, 36.751374
1, 5.062439, 36.751378
1, 5.062183, 36.751380
1, 5.061924, 36.751378
1, 5.061666, 36.751376
1, 5.061404, 36.751374
1, 5.061150, 36.751372
1, 5.060891, 36.751370
1, 5.060626, 36.751369
1, 5.060363, 36.751367
1, 5.060105, 36.751365
1, 5.059852, 36.751363
1, 5.059592, 36.751361
1, 5.059334, 36.751359
1, 5.059069, 36.751357
1, 5.058807, 36.751356
1, 5.058553, 36.751355
1, 5.058295, 36.751354
1, 5.058030, 36.751353
1, 5.057778, 36.751373
1, 5.057527, 36.751403
1, 5.057278, 36.751437
1, 5.057019, 36.751469
1, 5.056760, 36.751483
1, 5.056534, 36.751534
1, 5.056288, 36.751558
1, 5.056036, 36.751587
1, 5.055833, 36.751614
1, 5.055627, 36.751590
1, 5.055433, 36.751573
1, 5.055281, 36.751555
1, 5.055178, 36.751543
1, 5.055125, 36.751542
1, 5.055050, 36.751552
1, 5.054949, 36.751551
1, 5.054836, 36.751525
1, 5.054709, 36.751494
1, 5.054584, 36.751461
1, 5.054467, 36.751430
1, 5.054350, 36.751399
1, 5.054246, 36.751353
1, 5.054142, 36.751306
1, 5.054039, 36.751259
1, 5.053931, 36.751211
1, 5.053812, 36.751164
1, 5.053700, 36.751118
1, 5.053584, 36.751078
1, 5.053464, 36.751048
1, 5.053338, 36.751036
1, 5.053212, 36.751029
1, 5.053091, 36.751023
1, 5.052968, 36.751016
1, 5.052836, 36.751009
1, 5.052711, 36.751001
1, 5.052580, 36.750994
1, 5.052454, 36.750986
1, 5.052328, 36.750980
1, 5.052201, 36.750976
1, 5.052070, 36.750984
1, 5.051951, 36.751016
1, 5.051834, 36.751063
1, 5.051723, 36.751109
1, 5.051610, 36.751154
1, 5.051500, 36.751199
1, 5.051384, 36.751249
1, 5.051273, 36.751299
1, 5.051162, 36.751352
1, 5.051056, 36.751399
1, 5.050939, 36.751450
1, 5.050827, 36.751497
1, 5.050717, 36.751537
1, 5.050608, 36.751576
1, 5.050486, 36.751577
1, 5.050367, 36.751565
1, 5.050237, 36.751546
1, 5.050119, 36.751515
1, 5.050001, 36.751484
1, 5.049878, 36.751448
1, 5.049762, 36.751412
1, 5.049639, 36.751374
1, 5.049520, 36.751337
1, 5.049398, 36.751308
1, 5.049274, 36.751287
1, 5.049150, 36.751271
1, 5.049032, 36.751261
1, 5.048914, 36.751250
1, 5.048795, 36.751239
1, 5.048672, 36.751228
1, 5.048545, 36.751231
1, 5.048424, 36.751233
1, 5.048305, 36.751235
1, 5.048185, 36.751237
1, 5.048061, 36.751242
1, 5.047916, 36.751253
1, 5.047752, 36.751267
1, 5.047569, 36.751282
1, 5.047363, 36.751300
1, 5.047160, 36.751317
1, 5.046962, 36.751322
1, 5.046759, 36.751323
1, 5.046562, 36.751305
1, 5.046361, 36.751289
1, 5.046151, 36.751265
1, 5.045954, 36.751233
1, 5.045755, 36.751200
1, 5.045557, 36.751167
1, 5.045351, 36.751131
1, 5.045149, 36.751096
1, 5.044944, 36.751061
1, 5.044736, 36.751025
1, 5.044529, 36.750989
1, 5.044333, 36.750957
1, 5.044132, 36.750930
1, 5.043931, 36.750902
1, 5.043734, 36.750917
1, 5.043533, 36.750932
1, 5.043323, 36.750943
1, 5.043111, 36.750943
1, 5.042908, 36.750941
1, 5.042710, 36.750940
1, 5.042509, 36.750936
1, 5.042303, 36.750933
1, 5.042104, 36.750936
1, 5.041897, 36.750940
1, 5.041696, 36.750943
1, 5.041490, 36.750969
1, 5.041304, 36.751023
1, 5.041124, 36.751094
1, 5.040934, 36.751170
1, 5.040749, 36.751244
1, 5.040567, 36.751318
1, 5.040379, 36.751395
1, 5.040192, 36.751473
1, 5.040011, 36.751547
1, 5.039833, 36.751621
1, 5.039662, 36.751708
1, 5.039489, 36.751803
1, 5.039320, 36.751897
1, 5.039159, 36.751999
1, 5.038992, 36.752102
1, 5.038819, 36.752197
1, 5.038651, 36.752287
1, 5.038470, 36.752376
1, 5.038290, 36.752457
1, 5.038099, 36.752529
1, 5.037894, 36.752566
1, 5.037691, 36.752586
1, 5.037483, 36.752607
1, 5.037289, 36.752640
1, 5.037097, 36.752689
1, 5.036913, 36.752756
1, 5.036732, 36.752833
1, 5.036570, 36.752931
1, 5.036413, 36.753040
1, 5.036267, 36.753147
1, 5.036124, 36.753259
1, 5.035973, 36.753378
1, 5.037264, 36.752646
1, 5.037236, 36.752652
1, 5.037187, 36.752664
1, 5.037118, 36.752681
1, 5.037032, 36.752712
1, 5.036921, 36.752753
1, 5.036790, 36.752806
1, 5.036654, 36.752876
1, 5.036509, 36.752970
1, 5.036359, 36.753080
1, 5.036210, 36.753191
1, 5.036074, 36.753299
1, 5.035970, 36.753380
1, 5.035902, 36.753433
1, 5.035870, 36.753457
1, 5.035841, 36.753459
1, 5.035845, 36.753436
1, 5.035887, 36.753405
1, 5.035946, 36.753359
1, 5.036025, 36.753297
1, 5.036114, 36.753226
1, 5.036221, 36.753142
1, 5.036348, 36.753048
1, 5.036489, 36.752946
1, 5.036649, 36.752843
1, 5.036821, 36.752759
1, 5.037004, 36.752691
1, 5.037200, 36.752631
1, 5.037396, 36.752588
1, 5.037595, 36.752566
1, 5.037792, 36.752547
1, 5.038000, 36.752518
1, 5.038195, 36.752461
1, 5.038381, 36.752384
1, 5.038563, 36.752299
1, 5.038735, 36.752207
1, 5.038900, 36.752118
1, 5.039068, 36.752020
1, 5.039225, 36.751921
1, 5.039393, 36.751821
1, 5.039568, 36.751724
1, 5.039740, 36.751629
1, 5.039927, 36.751550
1, 5.040109, 36.751475
1, 5.040292, 36.751399
1, 5.040480, 36.751321
1, 5.040660, 36.751248
1, 5.040838, 36.751176
1, 5.041024, 36.751102
1, 5.041206, 36.751030
1, 5.041395, 36.750964
1, 5.041593, 36.750911
1, 5.041796, 36.750913
1, 5.042008, 36.750909
1, 5.042220, 36.750905
1, 5.042425, 36.750905
1, 5.042631, 36.750909
1, 5.042836, 36.750912
1, 5.043048, 36.750913
1, 5.043257, 36.750915
1, 5.043431, 36.750908
1, 5.043568, 36.750901
1, 5.043655, 36.750896
1, 5.043764, 36.750880
1, 5.043888, 36.750854
1, 5.044034, 36.750861
1, 5.044196, 36.750886
1, 5.044374, 36.750910
1, 5.044566, 36.750945
1, 5.044773, 36.750980
1, 5.044971, 36.751012
1, 5.045169, 36.751043
1, 5.045375, 36.751076
1, 5.045582, 36.751109
1, 5.045779, 36.751140
1, 5.045976, 36.751171
1, 5.046180, 36.751204
1, 5.046380, 36.751226
1, 5.046590, 36.751248
1, 5.046792, 36.751266
1, 5.047002, 36.751266
1, 5.047212, 36.751259
1, 5.047424, 36.751252
1, 5.047627, 36.751221
1, 5.047823, 36.751189
1, 5.047986, 36.751171
1, 5.048146, 36.751160
1, 5.048278, 36.751158
1, 5.048407, 36.751158
1, 5.048535, 36.751156
1, 5.048655, 36.751155
1, 5.048781, 36.751159
1, 5.048901, 36.751173
1, 5.049019, 36.751182
1, 5.049149, 36.751194
1, 5.049266, 36.751211
1, 5.049386, 36.751233
1, 5.049513, 36.751261
1, 5.049635, 36.751294
1, 5.049750, 36.751331
1, 5.049873, 36.751371
1, 5.049991, 36.751408
1, 5.050114, 36.751440
1, 5.050234, 36.751472
1, 5.050352, 36.751495
1, 5.050474, 36.751505
1, 5.050601, 36.751509
1, 5.050719, 36.751463
1, 5.050825, 36.751419
1, 5.050931, 36.751372
1, 5.051046, 36.751321
1, 5.051161, 36.751271
1, 5.051268, 36.751224
1, 5.051381, 36.751176
1, 5.051496, 36.751128
1, 5.051610, 36.751082
1, 5.051728, 36.751034
1, 5.051838, 36.750990
1, 5.051957, 36.750943
1, 5.052077, 36.750919
1, 5.052201, 36.750915
1, 5.052333, 36.750923
1, 5.052463, 36.750931
1, 5.052590, 36.750938
1, 5.052722, 36.750943
1, 5.052848, 36.750947
1, 5.052977, 36.750951
1, 5.053098, 36.750955
1, 5.053219, 36.750959
1, 5.053340, 36.750969
1, 5.053459, 36.750981
1, 5.053580, 36.751007
1, 5.053695, 36.751041
1, 5.053802, 36.751083
1, 5.053915, 36.751130
1, 5.054025, 36.751176
1, 5.054133, 36.751221
1, 5.054244, 36.751269
1, 5.054356, 36.751312
1, 5.054486, 36.751324
1, 5.054612, 36.751349
1, 5.054733, 36.751376
1, 5.054857, 36.751404
1, 5.054973, 36.751427
1, 5.055099, 36.751446
1, 5.055216, 36.751428
1, 5.055292, 36.751321
1, 5.055199, 36.751192
1, 5.055103, 36.751057
1, 5.055034, 36.750892
1, 5.054988, 36.750764
1, 5.054899, 36.750630
1, 5.054798, 36.750479
1, 5.054686, 36.750314
1, 5.054592, 36.750175
1, 5.054522, 36.750070
1, 5.054475, 36.750002
1, 5.054466, 36.749935
1, 5.054490, 36.749906
1, 5.054547, 36.749877
1, 5.054622, 36.749854
1, 5.054722, 36.749833
1, 5.054838, 36.749810
1, 5.054954, 36.749790
1, 5.055077, 36.749770
1, 5.055197, 36.749753
1, 5.055323, 36.749734
1, 5.055449, 36.749716
1, 5.055578, 36.749697
1, 5.055681, 36.749681
1, 5.055735, 36.749673
1, 5.055780, 36.749660
1, 5.055798, 36.749621
1, 5.055790, 36.749579
1, 5.055778, 36.749525
1, 5.055764, 36.749459
1, 5.055746, 36.749380
1, 5.055726, 36.749286
1, 5.055704, 36.749187
1, 5.055682, 36.749089
1, 5.055659, 36.748984
1, 5.055636, 36.748880
1, 5.055614, 36.748778
1, 5.055592, 36.748679
1, 5.055569, 36.748577
1, 5.055546, 36.748473
1, 5.055525, 36.748376
1, 5.055503, 36.748276
1, 5.055482, 36.748181
1, 5.055458, 36.748081
1, 5.055379, 36.748007
1, 5.055335, 36.747921
1, 5.055338, 36.747828
1, 5.055341, 36.747768
1, 5.055350, 36.747750
1, 5.055369, 36.747750
1, 5.055377, 36.747766
1, 5.055395, 36.747793
1, 5.055444, 36.747798
1, 5.055511, 36.747794
1, 5.055598, 36.747789
1, 5.055712, 36.747782
1, 5.055836, 36.747768
1, 5.055958, 36.747752
1, 5.056079, 36.747736
1, 5.056204, 36.747719
1, 5.056334, 36.747702
1, 5.056462, 36.747685
1, 5.056587, 36.747669
1, 5.056714, 36.747651
1, 5.056831, 36.747633
1, 5.056952, 36.747614
1, 5.057072, 36.747595
1, 5.057202, 36.747574
1, 5.057332, 36.747554
1, 5.057458, 36.747534
1, 5.057581, 36.747514
1, 5.057706, 36.747495
1, 5.057826, 36.747475
1, 5.057950, 36.747456
1, 5.058068, 36.747437
1, 5.058190, 36.747416
1, 5.058306, 36.747394
1, 5.058431, 36.747370
1, 5.058554, 36.747346
1, 5.058679, 36.747322
1, 5.058798, 36.747299
1, 5.058926, 36.747274
1, 5.059048, 36.747250
1, 5.059168, 36.747227
1, 5.059286, 36.747204
1, 5.059411, 36.747178
1, 5.059529, 36.747151
1, 5.059655, 36.747121
1, 5.059769, 36.747086
1, 5.059885, 36.747047
1, 5.060004, 36.747006
1, 5.060118, 36.746967
1, 5.060233, 36.746924
1, 5.060345, 36.746881
1, 5.060461, 36.746835
1, 5.060568, 36.746793
1, 5.060687, 36.746747
1, 5.060795, 36.746703
1, 5.060886, 36.746665
1, 5.060942, 36.746641
1, 5.060996, 36.746615
1, 5.061029, 36.746559
1, 5.061093, 36.746504
1, 5.061205, 36.746495
1, 5.061275, 36.746536
1, 5.061304, 36.746599
1, 5.061298, 36.746656
1, 5.061324, 36.746703
1, 5.061363, 36.746759
1, 5.061415, 36.746833
1, 5.061480, 36.746927
1, 5.061554, 36.747032
1, 5.061638, 36.747153
1, 5.061734, 36.747290
1, 5.061833, 36.747432
1, 5.061934, 36.747573
1, 5.062037, 36.747717
1, 5.062142, 36.747864
1, 5.062245, 36.748009
1, 5.062348, 36.748154
1, 5.062448, 36.748297
1, 5.062521, 36.748447
1, 5.062619, 36.748587
1, 5.062719, 36.748727
1, 5.062818, 36.748868
1, 5.062919, 36.749013
1, 5.063020, 36.749158
1, 5.063119, 36.749299
1, 5.063217, 36.749440
1, 5.063315, 36.749581
1, 5.063412, 36.749721
1, 5.063511, 36.749862
1, 5.063613, 36.750006
1, 5.063719, 36.750150
1, 5.063822, 36.750291
1, 5.063925, 36.750433
1, 5.064027, 36.750572
1, 5.064173, 36.750683
1, 5.064299, 36.750809
1, 5.064425, 36.750934
1, 5.064576, 36.751038
1, 5.064770, 36.751097
1, 5.064970, 36.751165
1, 5.065203, 36.751178
1, 5.065453, 36.751180
1, 5.065711, 36.751210
1, 5.065970, 36.751250
1, 5.066228, 36.751294
1, 5.066479, 36.751337
1, 5.066736, 36.751387
1, 5.066982, 36.751438
1, 5.067233, 36.751491
1, 5.067482, 36.751543
1, 5.067737, 36.751598
1, 5.067980, 36.751655
1, 5.068226, 36.751716
1, 5.068478, 36.751779
1, 5.068729, 36.751842
1, 5.068970, 36.751902
1, 5.069215, 36.751963
1, 5.069463, 36.752024
1, 5.069705, 36.752084
1, 5.069945, 36.752146
1, 5.070193, 36.752213
1, 5.070438, 36.752280
1, 5.070683, 36.752347
1, 5.070933, 36.752419
1, 5.071171, 36.752491
1, 5.071412, 36.752561
1, 5.071652, 36.752629
1, 5.071899, 36.752698
1, 5.072150, 36.752769
1, 5.072394, 36.752831
1, 5.072649, 36.752892
1, 5.072898, 36.752951
1, 5.073147, 36.753010
1, 5.073400, 36.753071
1, 5.073647, 36.753134
1, 5.073900, 36.753199
1, 5.074149, 36.753264
1, 5.074391, 36.753326
1, 5.074633, 36.753385
1, 5.074882, 36.753444
1, 5.075124, 36.753502
1, 5.075372, 36.753555
1, 5.075622, 36.753608
1, 5.075874, 36.753664
1, 5.076127, 36.753720
1, 5.076378, 36.753776
1, 5.076631, 36.753835
1, 5.076872, 36.753896
1, 5.077065, 36.753946
1, 5.077196, 36.754004
1, 5.077348, 36.754034
1, 5.077517, 36.754067
1, 5.077705, 36.754103
1, 5.077917, 36.754153
1, 5.078152, 36.754221
1, 5.078385, 36.754299
1, 5.078606, 36.754398
1, 5.078829, 36.754496
1, 5.079055, 36.754590
1, 5.079298, 36.754664
1, 5.079543, 36.754739
1, 5.079792, 36.754813
1, 5.080028, 36.754883
1, 5.080278, 36.754940
1, 5.080532, 36.754899
1, 5.080707, 36.754755
1, 5.080872, 36.754602
1, 5.081041, 36.754439
1, 5.081214, 36.754282
1, 5.081443, 36.754197
1, 5.081690, 36.754133
1, 5.081905, 36.754023
1, 5.082036, 36.753842
1, 5.082124, 36.753647
1, 5.082205, 36.753453
1, 5.082298, 36.753255
1, 5.082442, 36.753087
1, 5.082594, 36.752921
1, 5.082720, 36.752788
1, 5.082818, 36.752689
1, 5.082895, 36.752630
1, 5.082948, 36.752605
1, 5.082975, 36.752612
1, 5.082963, 36.752632
1, 5.082923, 36.752649
1, 5.082869, 36.752685
1, 5.082816, 36.752737
1, 5.082754, 36.752800
1, 5.082678, 36.752878
1, 5.082595, 36.752970
1, 5.082494, 36.753079
1, 5.082380, 36.753206
1, 5.082914, 36.752655
1, 5.082898, 36.752664
1, 5.082871, 36.752683
1, 5.082831, 36.752722
1, 5.082775, 36.752779
1, 5.082704, 36.752850
1, 5.082624, 36.752937
1, 5.082531, 36.753039
1, 5.082424, 36.753155
1, 5.082317, 36.753291
1, 5.082241, 36.753457
1, 5.082165, 36.753639
1, 5.082077, 36.753836
1, 5.081965, 36.754015
1, 5.081755, 36.754140
1, 5.081510, 36.754214
1, 5.081265, 36.754291
1, 5.081089, 36.754437
1, 5.080921, 36.754599
1, 5.080748, 36.754762
1, 5.080573, 36.754916
1, 5.080373, 36.755038
1, 5.080175, 36.755174
1, 5.079983, 36.755310
1, 5.079768, 36.755415
1, 5.079514, 36.755403
1, 5.079361, 36.755241
1, 5.079265, 36.755053
1, 5.079167, 36.754862
1, 5.079054, 36.754673
1, 5.078858, 36.754541
1, 5.078628, 36.754440
1, 5.078401, 36.754339
1, 5.078160, 36.754254
1, 5.077919, 36.754184
1, 5.077668, 36.754126
1, 5.077421, 36.754078
1, 5.077172, 36.754028
1, 5.076925, 36.753984
1, 5.076678, 36.753929
1, 5.076426, 36.753874
1, 5.076172, 36.753816
1, 5.075928, 36.753767
1, 5.075671, 36.753717
1, 5.075418, 36.753664
1, 5.075171, 36.753608
1, 5.074918, 36.753547
1, 5.074668, 36.753489
1, 5.074420, 36.753431
1, 5.074177, 36.753373
1, 5.073929, 36.753310
1, 5.073682, 36.753246
1, 5.073434, 36.753182
1, 5.073193, 36.753120
1, 5.072944, 36.753056
1, 5.072697, 36.752990
1, 5.072455, 36.752925
1, 5.072206, 36.752858
1, 5.071962, 36.752791
1, 5.071712, 36.752724
1, 5.071460, 36.752656
1, 5.071210, 36.752587
1, 5.070965, 36.752520
1, 5.070721, 36.752451
1, 5.070474, 36.752383
1, 5.070227, 36.752317
1, 5.069978, 36.752251
1, 5.069731, 36.752188
1, 5.069488, 36.752126
1, 5.069239, 36.752063
1, 5.068990, 36.752000
1, 5.068736, 36.751935
1, 5.068483, 36.751875
1, 5.068240, 36.751822
1, 5.067996, 36.751769
1, 5.067749, 36.751715
1, 5.067492, 36.751659
1, 5.067246, 36.751606
1, 5.066997, 36.751551
1, 5.066742, 36.751496
1, 5.066492, 36.751445
1, 5.066232, 36.751403
1, 5.065979, 36.751356
1, 5.065732, 36.751305
1, 5.065480, 36.751276
1, 5.065220, 36.751270
1, 5.064994, 36.751273
1, 5.064817, 36.751279
1, 5.064681, 36.751284
1, 5.064593, 36.751283
1, 5.064502, 36.751282
1, 5.064423, 36.751311
1, 5.064316, 36.751309
1, 5.064182, 36.751314
1, 5.064021, 36.751330
1, 5.063843, 36.751344
1, 5.063648, 36.751354
1, 5.063434, 36.751362
1, 5.063193, 36.751366
1, 5.062941, 36.751371
1, 5.062678, 36.751374
1, 5.062419, 36.751378
1, 5.062165, 36.751380
1, 5.061910, 36.751378
1, 5.061652, 36.751376
1, 5.061395, 36.751374
1, 5.061132, 36.751372
1, 5.060872, 36.751370
1, 5.060621, 36.751369
1, 5.060357, 36.751367
1, 5.060104, 36.751365
1, 5.059849, 36.751363
1, 5.059595, 36.751361
1, 5.059334, 36.751359
1, 5.059075, 36.751357
1, 5.058822, 36.751356
1, 5.058563, 36.751355
1, 5.058305, 36.751354
1, 5.058044, 36.751353
1, 5.057790, 36.751372
1, 5.057540, 36.751401
1, 5.057282, 36.751437
1, 5.057030, 36.751467
1, 5.056772, 36.751455
1, 5.056511, 36.751478
1, 5.056259, 36.751503
1, 5.055997, 36.751534
1, 5.055751, 36.751552
1, 5.055544, 36.751434
1, 5.055405, 36.751286
1, 5.055300, 36.751164
1, 5.055225, 36.751075
1, 5.055169, 36.751033
1, 5.055131, 36.750976
1, 5.055085, 36.750907
1, 5.055029, 36.750825
1, 5.054936, 36.750745
1, 5.054866, 36.750641
1, 5.054785, 36.750521
1, 5.054694, 36.750387
1, 5.054597, 36.750242
1, 5.054524, 36.750134
1, 5.054474, 36.750061
1, 5.054449, 36.750023
1, 5.054447, 36.750021
1, 5.054447, 36.750020
1, 5.054446, 36.750019
1, 5.054437, 36.750006
1, 5.054416, 36.749974
1, 5.054387, 36.749931
1, 5.054345, 36.749868
1, 5.054294, 36.749790
1, 5.054236, 36.749701
1, 5.054166, 36.749594
1, 5.054087, 36.749477
1, 5.053992, 36.749346
1, 5.053890, 36.749203
1, 5.053773, 36.749050
1, 5.053633, 36.748883
1, 5.053475, 36.748715
1, 5.053308, 36.748554
1, 5.053138, 36.748404
1, 5.052960, 36.748260
1, 5.052768, 36.748128
1, 5.052570, 36.747999
1, 5.052365, 36.747914
1, 5.052177, 36.747805
1, 5.052031, 36.747719
1, 5.051926, 36.747658
1, 5.051815, 36.747606
1, 5.051700, 36.747581
1, 5.051577, 36.747567
1, 5.051459, 36.747559
1, 5.051338, 36.747550
1, 5.051219, 36.747542
1, 5.051093, 36.747533
1, 5.050970, 36.747524
1, 5.050848, 36.747515
1, 5.050729, 36.747500
1, 5.050612, 36.747482
1, 5.050491, 36.747463
1, 5.050368, 36.747444
1, 5.050245, 36.747425
1, 5.050115, 36.747405
1, 5.049987, 36.747386
1, 5.049862, 36.747363
1, 5.049741, 36.747336
1, 5.049614, 36.747308
1, 5.049488, 36.747280
1, 5.049384, 36.747257
1, 5.049328, 36.747256
1, 5.049299, 36.747292
1, 5.049283, 36.747346
1, 5.049263, 36.747414
1, 5.049240, 36.747493
1, 5.049213, 36.747585
1, 5.049186, 36.747682
1, 5.049157, 36.747785
1, 5.049129, 36.747887
1, 5.049101, 36.747985
1, 5.049074, 36.748084
1, 5.049046, 36.748183
1, 5.049019, 36.748278
1, 5.048993, 36.748371
1, 5.048967, 36.748466
1, 5.048938, 36.748569
1, 5.048909, 36.748671
1, 5.048881, 36.748773
1, 5.048846, 36.748875
1, 5.048811, 36.748978
1, 5.048778, 36.749074
1, 5.048746, 36.749168
1, 5.048713, 36.749262
1, 5.048679, 36.749363
1, 5.048646, 36.749462
1, 5.048615, 36.749560
1, 5.048585, 36.749654
1, 5.048552, 36.749755
1, 5.048522, 36.749848
1, 5.048491, 36.749946
1, 5.048459, 36.750045
1, 5.048428, 36.750141
1, 5.048398, 36.750236
1, 5.048367, 36.750331
1, 5.048335, 36.750431
1, 5.048302, 36.750532
1, 5.048270, 36.750633
1, 5.048240, 36.750726
1, 5.048206, 36.750829
1, 5.048174, 36.750929
1, 5.048145, 36.751021
1, 5.048127, 36.751077
1, 5.048095, 36.751154
1, 5.048041, 36.751220
1, 5.047958, 36.751249
1, 5.047837, 36.751259
1, 5.047699, 36.751271
1, 5.047540, 36.751285
1, 5.047362, 36.751300
1, 5.047166, 36.751317
1, 5.046959, 36.751322
1, 5.046754, 36.751323
1, 5.046555, 36.751304
1, 5.046351, 36.751288
1, 5.046143, 36.751264
1, 5.045944, 36.751231
1, 5.045738, 36.751198
1, 5.045536, 36.751164
1, 5.045337, 36.751129
1, 5.045130, 36.751093
1, 5.044929, 36.751058
1, 5.044725, 36.751023
1, 5.044527, 36.750989
1, 5.044331, 36.750957
1, 5.044124, 36.750929
1, 5.043918, 36.750901
1, 5.043710, 36.750921
1, 5.043506, 36.750933
1, 5.043302, 36.750944
1, 5.043092, 36.750942
1, 5.042880, 36.750941
1, 5.042677, 36.750939
1, 5.042469, 36.750935
1, 5.042270, 36.750933
1, 5.042067, 36.750937
1, 5.041857, 36.750941
1, 5.041648, 36.750943
1, 5.041450, 36.750979
1, 5.041257, 36.751042
1, 5.041078, 36.751112
1, 5.040892, 36.751187
1, 5.040707, 36.751262
1, 5.040523, 36.751336
1, 5.040344, 36.751410
1, 5.040161, 36.751486
1, 5.039983, 36.751559
1, 5.039804, 36.751633
1, 5.039636, 36.751722
1, 5.039465, 36.751816
1, 5.039298, 36.751911
1, 5.039137, 36.752013
1, 5.038969, 36.752114
1, 5.038805, 36.752205
1, 5.038635, 36.752295
1, 5.038464, 36.752379
1, 5.038287, 36.752458
1, 5.038098, 36.752529
1, 5.037897, 36.752566
1, 5.037693, 36.752586
1, 5.037496, 36.752605
1, 5.037292, 36.752639
1, 5.037101, 36.752687
1, 5.036919, 36.752753
1, 5.036733, 36.752833
1, 5.036569, 36.752931
1, 5.036417, 36.753037
1, 5.036264, 36.753149
1, 5.036115, 36.753266
1, 5.035964, 36.753386
1, 5.037264, 36.752646
1, 5.037236, 36.752652
1, 5.037187, 36.752664
1, 5.037118, 36.752681
1, 5.037032, 36.752712
1, 5.036921, 36.752753
1, 5.036790, 36.752806
1, 5.036654, 36.752876
1, 5.036509, 36.752970
1, 5.036359, 36.753080
1, 5.036210, 36.753191
1, 5.036074, 36.753299
1, 5.035970, 36.753380
1, 5.035902, 36.753433
1, 5.035870, 36.753457
1, 5.035841, 36.753459
1, 5.035845, 36.753436
1, 5.035887, 36.753405
1, 5.035946, 36.753359
1, 5.036025, 36.753297
1, 5.036114, 36.753226
1, 5.036221, 36.753142
1, 5.036348, 36.753048
1, 5.036489, 36.752946
1, 5.036649, 36.752843
1, 5.036821, 36.752759
1, 5.037004, 36.752691
1, 5.037200, 36.752631
1, 5.037396, 36.752588
1, 5.037595, 36.752566
1, 5.037792, 36.752547
1, 5.038000, 36.752518
1, 5.038195, 36.752461
1, 5.038381, 36.752384
1, 5.038563, 36.752299
1, 5.038735, 36.752207
1, 5.038900, 36.752118
1, 5.039068, 36.752020
1, 5.039225, 36.751921
1, 5.039393, 36.751821
1, 5.039568, 36.751724
1, 5.039740, 36.751629
1, 5.039927, 36.751550
1, 5.040109, 36.751475
1, 5.040292, 36.751399
1, 5.040480, 36.751321
1, 5.040660, 36.751248
1, 5.040838, 36.751176
1, 5.041024, 36.751102
1, 5.041206, 36.751030
1, 5.041395, 36.750964
1, 5.041593, 36.750911
1, 5.041796, 36.750913
1, 5.042008, 36.750909
1, 5.042220, 36.750905
1, 5.042425, 36.750905
1, 5.042631, 36.750909
1, 5.042836, 36.750912
1, 5.043048, 36.750913
1, 5.043257, 36.750915
1, 5.043431, 36.750908
1, 5.043568, 36.750901
1, 5.043655, 36.750896
1, 5.043764, 36.750880
1, 5.043888, 36.750854
1, 5.044034, 36.750861
1, 5.044196, 36.750886
1, 5.044374, 36.750910
1, 5.044566, 36.750945
1, 5.044773, 36.750980
1, 5.044971, 36.751012
1, 5.045169, 36.751043
1, 5.045375, 36.751076
1, 5.045582, 36.751109
1, 5.045779, 36.751140
1, 5.045976, 36.751171
1, 5.046180, 36.751204
1, 5.046380, 36.751226
1, 5.046590, 36.751248
1, 5.046792, 36.751266
1, 5.047002, 36.751266
1, 5.047212, 36.751259
1, 5.047424, 36.751252
1, 5.047627, 36.751221
1, 5.047823, 36.751189
1, 5.047986, 36.751171
1, 5.048146, 36.751160
1, 5.048278, 36.751158
1, 5.048407, 36.751158
1, 5.048535, 36.751156
1, 5.048655, 36.751155
1, 5.048781, 36.751159
1, 5.048901, 36.751173
1, 5.049019, 36.751182
1, 5.049149, 36.751194
1, 5.049266, 36.751211
1, 5.049386, 36.751233
1, 5.049513, 36.751261
1, 5.049635, 36.751294
1, 5.049750, 36.751331
1, 5.049873, 36.751371
1, 5.049991, 36.751408
1, 5.050114, 36.751440
1, 5.050234, 36.751472
1, 5.050352, 36.751495
1, 5.050474, 36.751505
1, 5.050601, 36.751509
1, 5.050719, 36.751463
1, 5.050825, 36.751419
1, 5.050931, 36.751372
1, 5.051046, 36.751321
1, 5.051161, 36.751271
1, 5.051268, 36.751224
1, 5.051381, 36.751176
1, 5.051496, 36.751128
1, 5.051610, 36.751082
1, 5.051728, 36.751034
1, 5.051838, 36.750990
1, 5.051957, 36.750943
1, 5.052077, 36.750919
1, 5.052201, 36.750915
1, 5.052333, 36.750923
1, 5.052463, 36.750931
1, 5.052590, 36.750938
1, 5.052722, 36.750943
1, 5.052848, 36.750947
1, 5.052977, 36.750951
1, 5.053098, 36.750955
1, 5.053219, 36.750959
1, 5.053340, 36.750969
1, 5.053459, 36.750981
1, 5.053580, 36.751007
1, 5.053695, 36.751041
1, 5.053802, 36.751083
1, 5.053915, 36.751130
1, 5.054025, 36.751176
1, 5.054133, 36.751221
1, 5.054244, 36.751269
1, 5.054356, 36.751312
1, 5.054470, 36.751351
1, 5.054588, 36.751373
1, 5.054713, 36.751401
1, 5.054834, 36.751429
1, 5.054956, 36.751453
1, 5.055080, 36.751473
1, 5.055208, 36.751489
1, 5.055324, 36.751502
1, 5.055401, 36.751511
1, 5.055449, 36.751516
1, 5.055494, 36.751505
1, 5.055542, 36.751453
1, 5.055644, 36.751410
1, 5.055774, 36.751423
1, 5.055877, 36.751477
1, 5.055993, 36.751483
1, 5.056130, 36.751468
1, 5.056293, 36.751449
1, 5.056483, 36.751425
1, 5.056699, 36.751399
1, 5.056939, 36.751367
1, 5.057189, 36.751337
1, 5.057443, 36.751308
1, 5.057699, 36.751278
1, 5.057956, 36.751260
1, 5.058213, 36.751260
1, 5.058477, 36.751259
1, 5.058730, 36.751259
1, 5.058986, 36.751258
1, 5.059245, 36.751258
1, 5.059509, 36.751258
1, 5.059774, 36.751258
1, 5.060027, 36.751259
1, 5.060283, 36.751260
1, 5.060535, 36.751260
1, 5.060799, 36.751261
1, 5.061063, 36.751262
1, 5.061326, 36.751263
1, 5.061587, 36.751263
1, 5.061844, 36.751264
1, 5.062106, 36.751265
1, 5.062366, 36.751265
1, 5.062618, 36.751266
1, 5.062876, 36.751267
1, 5.063136, 36.751268
1, 5.063397, 36.751265
1, 5.063656, 36.751242
1, 5.063861, 36.751205
1, 5.064011, 36.751161
1, 5.064114, 36.751131
1, 5.064199, 36.751108
1, 5.064281, 36.751062
1, 5.064385, 36.751042
1, 5.064479, 36.751069
1, 5.064554, 36.751106
1, 5.064652, 36.751120
1, 5.064775, 36.751139
1, 5.064916, 36.751158
1, 5.065082, 36.751176
1, 5.065272, 36.751178
1, 5.065483, 36.751180
1, 5.065713, 36.751210
1, 5.065960, 36.751248
1, 5.066213, 36.751291
1, 5.066471, 36.751335
1, 5.066729, 36.751385
1, 5.066980, 36.751438
1, 5.067224, 36.751489
1, 5.067482, 36.751543
1, 5.067728, 36.751596
1, 5.067981, 36.751655
1, 5.068235, 36.751719
1, 5.068488, 36.751782
1, 5.068728, 36.751841
1, 5.068974, 36.751902
1, 5.069223, 36.751965
1, 5.069469, 36.752026
1, 5.069714, 36.752087
1, 5.069966, 36.752152
1, 5.070211, 36.752218
1, 5.070459, 36.752286
1, 5.070701, 36.752352
1, 5.070951, 36.752424
1, 5.071188, 36.752497
1, 5.071434, 36.752567
1, 5.071677, 36.752636
1, 5.071925, 36.752706
1, 5.072175, 36.752776
1, 5.072415, 36.752836
1, 5.072662, 36.752895
1, 5.072912, 36.752954
1, 5.073166, 36.753014
1, 5.073421, 36.753076
1, 5.073666, 36.753139
1, 5.073908, 36.753202
1, 5.074160, 36.753266
1, 5.074404, 36.753329
1, 5.074645, 36.753388
1, 5.074896, 36.753448
1, 5.075146, 36.753507
1, 5.075390, 36.753559
1, 5.075634, 36.753610
1, 5.075882, 36.753665
1, 5.076099, 36.753714
1, 5.076270, 36.753752
1, 5.076392, 36.753779
1, 5.076481, 36.753798
1, 5.076528, 36.753801
1, 5.076566, 36.753768
1, 5.076581, 36.753730
1, 5.076600, 36.753679
1, 5.076626, 36.753609
1, 5.076660, 36.753518
1, 5.076695, 36.753425
1, 5.076730, 36.753334
1, 5.076767, 36.753234
1, 5.076802, 36.753142
1, 5.076856, 36.753051
1, 5.076907, 36.752981
1, 5.076939, 36.752936
1, 5.076957, 36.752892
1, 5.076938, 36.752835
1, 5.076950, 36.752780
1, 5.077006, 36.752752
1, 5.077062, 36.752726
1, 5.077079, 36.752691
1, 5.077108, 36.752645
1, 5.077168, 36.752631
1, 5.077261, 36.752629
1, 5.077374, 36.752627
1, 5.077511, 36.752625
1, 5.077666, 36.752621
1, 5.077838, 36.752578
1, 5.078026, 36.752516
1, 5.078219, 36.752411
1, 5.078431, 36.752296
1, 5.078647, 36.752178
1, 5.078864, 36.752070
1, 5.079104, 36.752008
1, 5.079366, 36.752009
1, 5.079624, 36.752036
1, 5.079861, 36.752040
1, 5.080112, 36.752072
1, 5.080370, 36.752076
1, 5.080599, 36.751991
1, 5.080838, 36.751903
1, 5.081066, 36.751818
1, 5.081299, 36.751732
1, 5.081527, 36.751648
1, 5.081768, 36.751558
1, 5.082000, 36.751473
1, 5.082234, 36.751386
1, 5.082474, 36.751300
1, 5.082707, 36.751204
1, 5.082917, 36.751082
1, 5.083073, 36.750924
1, 5.083230, 36.750764
1, 5.083393, 36.750598
1, 5.083552, 36.750434
1, 5.083691, 36.750298
1, 5.083841, 36.750222
1, 5.083946, 36.750180
1, 5.084017, 36.750152
1, 5.084092, 36.750131
1, 5.084155, 36.750093
1, 5.084254, 36.750056
1, 5.084358, 36.750067
1, 5.084425, 36.750117
1, 5.084456, 36.750210
1, 5.084442, 36.750278
1, 5.084472, 36.750352
1, 5.084521, 36.750434
1, 5.084566, 36.750494
1, 5.084592, 36.750525
1, 5.084627, 36.750576
1, 5.084668, 36.750643
1, 5.084723, 36.750723
1, 5.084810, 36.750813
1, 5.084914, 36.750918
1, 5.085038, 36.751029
1, 5.085173, 36.751148
1, 5.085309, 36.751288
1, 5.085456, 36.751440
1, 5.085581, 36.751619
1, 5.085660, 36.751813
1, 5.085729, 36.752013
1, 5.085798, 36.752210
1, 5.085863, 36.752395
1, 5.085916, 36.752544
1, 5.085955, 36.752654
1, 5.085986, 36.752724
1, 5.086023, 36.752785
1, 5.086058, 36.752855
1, 5.086047, 36.752895
1, 5.086001, 36.752912
1, 5.085929, 36.752898
1, 5.085889, 36.752836
1, 5.085834, 36.752780
1, 5.085779, 36.752706
1, 5.085706, 36.752617
1, 5.085655, 36.752501
1, 5.085617, 36.752357
1, 5.085575, 36.752200
1, 5.085529, 36.752025
1, 5.085450, 36.751835
1, 5.085258, 36.751705
1, 5.085012, 36.751637
1, 5.084765, 36.751581
1, 5.084525, 36.751504
1, 5.084291, 36.751457
1, 5.084168, 36.751643
1, 5.084058, 36.751828
1, 5.083950, 36.752015
1, 5.083846, 36.752200
1, 5.083768, 36.752350
1, 5.083713, 36.752464
1, 5.083673, 36.752538
1, 5.083624, 36.752599
1, 5.083558, 36.752647
1, 5.083470, 36.752648
1, 5.083355, 36.752635
1, 5.083224, 36.752621
1, 5.083064, 36.752610
1, 5.082906, 36.752659
1, 5.082777, 36.752776
1, 5.082648, 36.752911
1, 5.082512, 36.753059
1, 5.082369, 36.753219
1, 5.082914, 36.752655
1, 5.082898, 36.752664
1, 5.082871, 36.752683
1, 5.082831, 36.752722
1, 5.082775, 36.752779
1, 5.082704, 36.752850
1, 5.082624, 36.752937
1, 5.082531, 36.753039
1, 5.082424, 36.753155
1, 5.082317, 36.753291
1, 5.082241, 36.753457
1, 5.082165, 36.753639
1, 5.082077, 36.753836
1, 5.081965, 36.754015
1, 5.081755, 36.754140
1, 5.081510, 36.754214
1, 5.081265, 36.754291
1, 5.081089, 36.754437
1, 5.080921, 36.754599
1, 5.080748, 36.754762
1, 5.080573, 36.754916
1, 5.080373, 36.755038
1, 5.080175, 36.755174
1, 5.079983, 36.755310
1, 5.079768, 36.755415
1, 5.079514, 36.755403
1, 5.079361, 36.755241
1, 5.079265, 36.755053
1, 5.079167, 36.754862
1, 5.079054, 36.754673
1, 5.078858, 36.754541
1, 5.078628, 36.754440
1, 5.078401, 36.754339
1, 5.078160, 36.754254
1, 5.077919, 36.754184
1, 5.077668, 36.754126
1, 5.077421, 36.754078
1, 5.077172, 36.754028
1, 5.076925, 36.753984
1, 5.076678, 36.753929
1, 5.076426, 36.753874
1, 5.076172, 36.753816
1, 5.075928, 36.753767
1, 5.075671, 36.753717
1, 5.075418, 36.753664
1, 5.075171, 36.753608
1, 5.074918, 36.753547
1, 5.074668, 36.753489
1, 5.074420, 36.753431
1, 5.074177, 36.753373
1, 5.073929, 36.753310
1, 5.073682, 36.753246
1, 5.073434, 36.753182
1, 5.073193, 36.753120
1, 5.072944, 36.753056
1, 5.072697, 36.752990
1, 5.072455, 36.752925
1, 5.072206, 36.752858
1, 5.071962, 36.752791
1, 5.071712, 36.752724
1, 5.071460, 36.752656
1, 5.071210, 36.752587
1, 5.070965, 36.752520
1, 5.070721, 36.752451
1, 5.070474, 36.752383
1, 5.070227, 36.752317
1, 5.069978, 36.752251
1, 5.069731, 36.752188
1, 5.069514, 36.752133
1, 5.069334, 36.752087
1, 5.069201, 36.752053
1, 5.069127, 36.752011
1, 5.069110, 36.751974
1, 5.069114, 36.751914
1, 5.069137, 36.751845
1, 5.069170, 36.751759
1, 5.069206, 36.751665
1, 5.069244, 36.751567
1, 5.069280, 36.751473
1, 5.069318, 36.751376
1, 5.069358, 36.751277
1, 5.069395, 36.751186
1, 5.069436, 36.751086
1, 5.069474, 36.750991
1, 5.069514, 36.750894
1, 5.069553, 36.750798
1, 5.069596, 36.750703
1, 5.069636, 36.750610
1, 5.069677, 36.750515
1, 5.069719, 36.750414
1, 5.069755, 36.750323
1, 5.069792, 36.750228
1, 5.069832, 36.750128
1, 5.069869, 36.750035
1, 5.069908, 36.749935
1, 5.069938, 36.749858
1, 5.069952, 36.749814
1, 5.069926, 36.749778
1, 5.069881, 36.749764
1, 5.069817, 36.749749
1, 5.069727, 36.749727
1, 5.069622, 36.749701
1, 5.069506, 36.749673
1, 5.069384, 36.749643
1, 5.069263, 36.749613
1, 5.069149, 36.749586
1, 5.069034, 36.749557
1, 5.068918, 36.749529
1, 5.068799, 36.749500
1, 5.068682, 36.749471
1, 5.068560, 36.749442
1, 5.068446, 36.749414
1, 5.068326, 36.749384
1, 5.068211, 36.749356
1, 5.068085, 36.749326
1, 5.067966, 36.749296
1, 5.067851, 36.749269
1, 5.067737, 36.749241
1, 5.067621, 36.749212
1, 5.067505, 36.749188
1, 5.067390, 36.749167
1, 5.067268, 36.749145
1, 5.067152, 36.749123
1, 5.067036, 36.749102
1, 5.066936, 36.749083
1, 5.066868, 36.749071
1, 5.066819, 36.749064
1, 5.066768, 36.749089
1, 5.066750, 36.749134
1, 5.066729, 36.749200
1, 5.066702, 36.749281
1, 5.066671, 36.749373
1, 5.066638, 36.749472
1, 5.066512, 36.749483
1, 5.066383, 36.749490
1, 5.066253, 36.749497
1, 5.066131, 36.749503
1, 5.066002, 36.749510
1, 5.065881, 36.749516
1, 5.065755, 36.749523
1, 5.065623, 36.749530
1, 5.065499, 36.749537
1, 5.065379, 36.749543
1, 5.065246, 36.749550
1, 5.065126, 36.749556
1, 5.065007, 36.749563
1, 5.064886, 36.749569
1, 5.064755, 36.749576
1, 5.064641, 36.749605
1, 5.064537, 36.749662
1, 5.064432, 36.749719
1, 5.064323, 36.749779
1, 5.064220, 36.749835
1, 5.064121, 36.749890
1, 5.064010, 36.749934
1, 5.063888, 36.749938
1, 5.063763, 36.749942
1, 5.063680, 36.749945
1, 5.063633, 36.749948
1, 5.063599, 36.749967
1, 5.063609, 36.749999
1, 5.063634, 36.750035
1, 5.063673, 36.750088
1, 5.063722, 36.750154
1, 5.063785, 36.750241
1, 5.063860, 36.750344
1, 5.063948, 36.750464
1, 5.064047, 36.750600
1, 5.064169, 36.750725
1, 5.064278, 36.750834
1, 5.064360, 36.750916
1, 5.064414, 36.750978
1, 5.064438, 36.751013
1, 5.064439, 36.751014
1, 5.064439, 36.751014
1, 5.064449, 36.751029
1, 5.064473, 36.751063
1, 5.064521, 36.751102
1, 5.064548, 36.751169
1, 5.064525, 36.751249
1, 5.064450, 36.751305
1, 5.064329, 36.751312
1, 5.064183, 36.751314
1, 5.064010, 36.751331
1, 5.063816, 36.751345
1, 5.063605, 36.751357
1, 5.063366, 36.751364
1, 5.063112, 36.751368
1, 5.062849, 36.751372
1, 5.062596, 36.751376
1, 5.062343, 36.751379
1, 5.062081, 36.751379
1, 5.061816, 36.751377
1, 5.061552, 36.751375
1, 5.061289, 36.751373
1, 5.061037, 36.751372
1, 5.060773, 36.751370
1, 5.060516, 36.751368
1, 5.060263, 36.751366
1, 5.060003, 36.751364
1, 5.059747, 36.751362
1, 5.059488, 36.751360
1, 5.059232, 36.751358
1, 5.058977, 36.751357
1, 5.058719, 36.751356
1, 5.058453, 36.751355
1, 5.058198, 36.751354
1, 5.057937, 36.751361
1, 5.057686, 36.751381
1, 5.057425, 36.751417
1, 5.057168, 36.751451
1, 5.056893, 36.751485
1, 5.056669, 36.751520
1, 5.056413, 36.751546
1, 5.056155, 36.751571
1, 5.055902, 36.751607
1, 5.055696, 36.751598
1, 5.055489, 36.751579
1, 5.055328, 36.751561
1, 5.055212, 36.751547
1, 5.055141, 36.751540
1, 5.055054, 36.751551
1, 5.054950, 36.751551
1, 5.054825, 36.751522
1, 5.054701, 36.751492
1, 5.054587, 36.751462
1, 5.054464, 36.751430
1, 5.054344, 36.751397
1, 5.054239, 36.751350
1, 5.054133, 36.751302
1, 5.054025, 36.751252
1, 5.053920, 36.751207
1, 5.053807, 36.751162
1, 5.053693, 36.751116
1, 5.053580, 36.751077
1, 5.053454, 36.751047
1, 5.053334, 36.751036
1, 5.053208, 36.751029
1, 5.053077, 36.751022
1, 5.052946, 36.751015
1, 5.052822, 36.751008
1, 5.052698, 36.751001
1, 5.052572, 36.750993
1, 5.052449, 36.750986
1, 5.052326, 36.750980
1, 5.052193, 36.750976
1, 5.052064, 36.750985
1, 5.051942, 36.751019
1, 5.051831, 36.751064
1, 5.051713, 36.751113
1, 5.051605, 36.751157
1, 5.051496, 36.751201
1, 5.051385, 36.751248
1, 5.051271, 36.751300
1, 5.051167, 36.751349
1, 5.051060, 36.751397
1, 5.050954, 36.751443
1, 5.050838, 36.751493
1, 5.050719, 36.751536
1, 5.050601, 36.751577
1, 5.050476, 36.751577
1, 5.050346, 36.751561
1, 5.050220, 36.751542
1, 5.050100, 36.751510
1, 5.049982, 36.751479
1, 5.049860, 36.751442
1, 5.049746, 36.751407
1, 5.049631, 36.751372
1, 5.049519, 36.751337
1, 5.049400, 36.751309
1, 5.049278, 36.751287
1, 5.049158, 36.751272
1, 5.049029, 36.751260
1, 5.048911, 36.751250
1, 5.048788, 36.751239
1, 5.048657, 36.751229
1, 5.048530, 36.751231
1, 5.048410, 36.751233
1, 5.048282, 36.751235
1, 5.048154, 36.751238
1, 5.048006, 36.751245
1, 5.047846, 36.751258
1, 5.047661, 36.751274
1, 5.047453, 36.751292
1, 5.047252, 36.751309
1, 5.047043, 36.751320
1, 5.046834, 36.751325
1, 5.046636, 36.751311
1, 5.046435, 36.751295
1, 5.046223, 36.751277
1, 5.046027, 36.751245
1, 5.045831, 36.751213
1, 5.045632, 36.751180
1, 5.045429, 36.751145
1, 5.045231, 36.751111
1, 5.045024, 36.751075
1, 5.044817, 36.751039
1, 5.044615, 36.751004
1, 5.044411, 36.750969
1, 5.044202, 36.750939
1, 5.043993, 36.750909
1, 5.043795, 36.750910
1, 5.043596, 36.750928
1, 5.043394, 36.750939
1, 5.043190, 36.750943
1, 5.042986, 36.750942
1, 5.042776, 36.750940
1, 5.042570, 36.750937
1, 5.042367, 36.750933
1, 5.042163, 36.750935
1, 5.041958, 36.750939
1, 5.041757, 36.750942
1, 5.041552, 36.750952
1, 5.041359, 36.751004
1, 5.041170, 36.751076
1, 5.040983, 36.751150
1, 5.040795, 36.751226
1, 5.040611, 36.751300
1, 5.040426, 36.751376
1, 5.040244, 36.751451
1, 5.040068, 36.751524
1, 5.039881, 36.751601
1, 5.039701, 36.751686
1, 5.039535, 36.751777
1, 5.039362, 36.751873
1, 5.039197, 36.751975
1, 5.039040, 36.752074
1, 5.038875, 36.752167
1, 5.038706, 36.752257
1, 5.038528, 36.752350
1, 5.038348, 36.752432
1, 5.038159, 36.752506
1, 5.037959, 36.752555
1, 5.037757, 36.752579
1, 5.037549, 36.752600
1, 5.037346, 36.752627
1, 5.037147, 36.752673
1, 5.036962, 36.752738
1, 5.036778, 36.752812
1, 5.036606, 36.752907
1, 5.036444, 36.753017
1, 5.036295, 36.753126
1, 5.036152, 36.753237
1, 5.036003, 36.753355
1, 5.037264, 36.752646
1, 5.037236, 36.752652
1, 5.037187, 36.752664
1, 5.037118, 36.752681
1, 5.037032, 36.752712
1, 5.036921, 36.752753
1, 5.036790, 36.752806
1, 5.036654, 36.752876
1, 5.036509, 36.752970
1, 5.036359, 36.753080
1, 5.036210, 36.753191
1, 5.036074, 36.753299
1, 5.035970, 36.753380
1, 5.035902, 36.753433
1, 5.035870, 36.753457
1, 5.035841, 36.753459
1, 5.035845, 36.753436
1, 5.035887, 36.753405
1, 5.035946, 36.753359
1, 5.036025, 36.753297
1, 5.036114, 36.753226
1, 5.036221, 36.753142
1, 5.036348, 36.753048
1, 5.036489, 36.752946
1, 5.036649, 36.752843
1, 5.036821, 36.752759
1, 5.037004, 36.752691
1, 5.037200, 36.752631
1, 5.037396, 36.752588
1, 5.037595, 36.752566
1, 5.037792, 36.752547
1, 5.038000, 36.752518
1, 5.038195, 36.752461
1, 5.038381, 36.752384
1, 5.038563, 36.752299
1, 5.038735, 36.752207
1, 5.038900, 36.752118
1, 5.039068, 36.752020
1, 5.039225, 36.751921
1, 5.039393, 36.751821
1, 5.039568, 36.751724
1, 5.039740, 36.751629
1, 5.039927, 36.751550
1, 5.040109, 36.751475
1, 5.040292, 36.751399
1, 5.040480, 36.751321
1, 5.040660, 36.751248
1, 5.040838, 36.751176
1, 5.041024, 36.751102
1, 5.041206, 36.751030
1, 5.041395, 36.750964
1, 5.041593, 36.750911
1, 5.041796, 36.750913
1, 5.042008, 36.750909
1, 5.042220, 36.750905
1, 5.042425, 36.750905
1, 5.042631, 36.750909
1, 5.042836, 36.750912
1, 5.043048, 36.750913
1, 5.043257, 36.750915
1, 5.043431, 36.750908
1, 5.043568, 36.750901
1, 5.043655, 36.750896
1, 5.043764, 36.750880
1, 5.043888, 36.750854
1, 5.044034, 36.750861
1, 5.044196, 36.750886
1, 5.044374, 36.750910
1, 5.044566, 36.750945
1, 5.044773, 36.750980
1, 5.044971, 36.751012
1, 5.045169, 36.751043
1, 5.045375, 36.751076
1, 5.045582, 36.751109
1, 5.045779, 36.751140
1, 5.045976, 36.751171
1, 5.046180, 36.751204
1, 5.046380, 36.751226
1, 5.046590, 36.751248
1, 5.046792, 36.751266
1, 5.047002, 36.751266
1, 5.047212, 36.751259
1, 5.047424, 36.751252
1, 5.047627, 36.751221
1, 5.047795, 36.751193
1, 5.047919, 36.751178
1, 5.047994, 36.751170
1, 5.048056, 36.751142
1, 5.048087, 36.751085
1, 5.048112, 36.751009
1, 5.048143, 36.750911
1, 5.048174, 36.750817
1, 5.048205, 36.750718
1, 5.048238, 36.750615
1, 5.048271, 36.750513
1, 5.048305, 36.750410
1, 5.048338, 36.750307
1, 5.048368, 36.750212
1, 5.048399, 36.750117
1, 5.048431, 36.750018
1, 5.048462, 36.749921
1, 5.048493, 36.749825
1, 5.048524, 36.749728
1, 5.048557, 36.749625
1, 5.048589, 36.749525
1, 5.048623, 36.749422
1, 5.048656, 36.749322
1, 5.048688, 36.749228
1, 5.048720, 36.749136
1, 5.048753, 36.749037
1, 5.048787, 36.748938
1, 5.048820, 36.748843
1, 5.048853, 36.748742
1, 5.048881, 36.748639
1, 5.048909, 36.748539
1, 5.048938, 36.748437
1, 5.048965, 36.748339
1, 5.048994, 36.748236
1, 5.049022, 36.748136
1, 5.049049, 36.748041
1, 5.049077, 36.747939
1, 5.049105, 36.747842
1, 5.049131, 36.747748
1, 5.049158, 36.747650
1, 5.049186, 36.747552
1, 5.049215, 36.747450
1, 5.049240, 36.747364
1, 5.049255, 36.747315
1, 5.049255, 36.747252
1, 5.049204, 36.747185
1, 5.049190, 36.747101
1, 5.049226, 36.747010
1, 5.049265, 36.746914
1, 5.049304, 36.746817
1, 5.049341, 36.746725
1, 5.049381, 36.746626
1, 5.049379, 36.746533
1, 5.049320, 36.746446
1, 5.049284, 36.746394
1, 5.049243, 36.746322
1, 5.049208, 36.746239
1, 5.049182, 36.746155
1, 5.049184, 36.746069
1, 5.049300, 36.746028
1, 5.049380, 36.745999
1, 5.049425, 36.745982
1, 5.049453, 36.745946
1, 5.049430, 36.745910
1, 5.049384, 36.745857
1, 5.049354, 36.745769
1, 5.049282, 36.745682
1, 5.049199, 36.745582
1, 5.049108, 36.745473
1, 5.049004, 36.745349
1, 5.048910, 36.745205
1, 5.048808, 36.745042
1, 5.048708, 36.744887
1, 5.048625, 36.744766
1, 5.048568, 36.744679
1, 5.048535, 36.744627
1, 5.048517, 36.744599
1, 5.048516, 36.744598
1, 5.048516, 36.744597
1, 5.048515, 36.744597
1, 5.048515, 36.744597
1, 5.048515, 36.744597
1, 5.048515, 36.744597
1, 5.048515, 36.744597
1, 5.048515, 36.744597
1, 5.048515, 36.744597
1, 5.048515, 36.744597
1, 5.048515, 36.744597
1, 5.048515, 36.744597
1, 5.048515, 36.744597
1, 5.048515, 36.744597
1, 5.048515, 36.744597
1, 5.048515, 36.744597
1, 5.048508, 36.744584
1, 5.048495, 36.744555
1, 5.048481, 36.744504
1, 5.048487, 36.744468
1, 5.048530, 36.744428
1, 5.048618, 36.744400
1, 5.048692, 36.744388
1, 5.048762, 36.744378
1, 5.048837, 36.744367
1, 5.048908, 36.744352
1, 5.048975, 36.744339
1, 5.049041, 36.744323
1, 5.049105, 36.744300
1, 5.049185, 36.744272
1, 5.049282, 36.744239
1, 5.049402, 36.744198
1, 5.049513, 36.744160
1, 5.049628, 36.744120
1, 5.049740, 36.744082
1, 5.049861, 36.744040
1, 5.049983, 36.743999
1, 5.050102, 36.743959
1, 5.050217, 36.743920
1, 5.050328, 36.743883
1, 5.050446, 36.743843
1, 5.050568, 36.743801
1, 5.050685, 36.743762
1, 5.050803, 36.743722
1, 5.050917, 36.743683
1, 5.051035, 36.743643
1, 5.051145, 36.743604
1, 5.051258, 36.743566
1, 5.051369, 36.743528
1, 5.051480, 36.743491
1, 5.051597, 36.743452
1, 5.051718, 36.743411
1, 5.051838, 36.743371
1, 5.051947, 36.743334
1, 5.052064, 36.743295
1, 5.052185, 36.743254
1, 5.052307, 36.743214
1, 5.052427, 36.743173
1, 5.052542, 36.743135
1, 5.052658, 36.743096
1, 5.052776, 36.743056
1, 5.052892, 36.743017
1, 5.053006, 36.742979
1, 5.053124, 36.742939
1, 5.053238, 36.742901
1, 5.053355, 36.742862
1, 5.053471, 36.742823
1, 5.053584, 36.742785
1, 5.053701, 36.742746
1, 5.053820, 36.742706
1, 5.053931, 36.742669
1, 5.054051, 36.742628
1, 5.054161, 36.742591
1, 5.054274, 36.742554
1, 5.054385, 36.742516
1, 5.054494, 36.742480
1, 5.054612, 36.742440
1, 5.054730, 36.742400
1, 5.054844, 36.742362
1, 5.054967, 36.742321
1, 5.055077, 36.742284
1, 5.055193, 36.742245
1, 5.055313, 36.742205
1, 5.055424, 36.742167
1, 5.055534, 36.742131
1, 5.055653, 36.742091
1, 5.055771, 36.742051
1, 5.055889, 36.742012
1, 5.056005, 36.741973
1, 5.056115, 36.741936
1, 5.056228, 36.741898
1, 5.056341, 36.741860
1, 5.056459, 36.741820
1, 5.056579, 36.741780
1, 5.056691, 36.741742
1, 5.056807, 36.741701
1, 5.056927, 36.741657
1, 5.056999, 36.741627
1, 5.057055, 36.741578
1, 5.057110, 36.741545
1, 5.057165, 36.741515
1, 5.057191, 36.741471
1, 5.057250, 36.741427
1, 5.057330, 36.741428
1, 5.057376, 36.741455
1, 5.057396, 36.741505
1, 5.057387, 36.741554
1, 5.057417, 36.741599
1, 5.057463, 36.741659
1, 5.057521, 36.741733
1, 5.057592, 36.741824
1, 5.057673, 36.741928
1, 5.057765, 36.742045
1, 5.057869, 36.742176
1, 5.057981, 36.742320
1, 5.058087, 36.742465
1, 5.058188, 36.742602
1, 5.058294, 36.742746
1, 5.058400, 36.742890
1, 5.058502, 36.743029
1, 5.058609, 36.743175
1, 5.058719, 36.743317
1, 5.058831, 36.743462
1, 5.058938, 36.743601
1, 5.059043, 36.743737
1, 5.059148, 36.743874
1, 5.059258, 36.744016
1, 5.059370, 36.744162
1, 5.059476, 36.744299
1, 5.059585, 36.744440
1, 5.059695, 36.744583
1, 5.059805, 36.744725
1, 5.059917, 36.744870
1, 5.060022, 36.745007
1, 5.060127, 36.745149
1, 5.060229, 36.745288
1, 5.060333, 36.745428
1, 5.060438, 36.745568
1, 5.060548, 36.745708
1, 5.060660, 36.745853
1, 5.060767, 36.745989
1, 5.060877, 36.746129
1, 5.060973, 36.746255
1, 5.061049, 36.746358
1, 5.061108, 36.746422
1, 5.061155, 36.746473
1, 5.061222, 36.746500
1, 5.061279, 36.746541
1, 5.061304, 36.746603
1, 5.061300, 36.746664
1, 5.061335, 36.746719
1, 5.061382, 36.746786
1, 5.061440, 36.746870
1, 5.061507, 36.746965
1, 5.061584, 36.747076
1, 5.061670, 36.747199
1, 5.061767, 36.747337
1, 5.061867, 36.747480
1, 5.061967, 36.747620
1, 5.062071, 36.747765
1, 5.062173, 36.747908
1, 5.062278, 36.748056
1, 5.062383, 36.748203
1, 5.062472, 36.748349
1, 5.062559, 36.748502
1, 5.062660, 36.748644
1, 5.062761, 36.748787
1, 5.062861, 36.748930
1, 5.062965, 36.749078
1, 5.063065, 36.749222
1, 5.063166, 36.749368
1, 5.063266, 36.749511
1, 5.063366, 36.749654
1, 5.063465, 36.749796
1, 5.063563, 36.749935
1, 5.063663, 36.750074
1, 5.063770, 36.750221
1, 5.063873, 36.750361
1, 5.063977, 36.750503
1, 5.064108, 36.750620
1, 5.064235, 36.750745
1, 5.064360, 36.750870
1, 5.064506, 36.750990
1, 5.064677, 36.751069
1, 5.064871, 36.751153
1, 5.065102, 36.751177
1, 5.065361, 36.751179
1, 5.065612, 36.751196
1, 5.065859, 36.751231
1, 5.066118, 36.751275
1, 5.066371, 36.751318
1, 5.066620, 36.751362
1, 5.066870, 36.751415
1, 5.067114, 36.751466
1, 5.067371, 36.751520
1, 5.067623, 36.751573
1, 5.067867, 36.751628
1, 5.068111, 36.751688
1, 5.068353, 36.751748
1, 5.068605, 36.751811
1, 5.068853, 36.751873
1, 5.069097, 36.751933
1, 5.069347, 36.751995
1, 5.069591, 36.752056
1, 5.069839, 36.752118
1, 5.070080, 36.752182
1, 5.070330, 36.752250
1, 5.070570, 36.752316
1, 5.070814, 36.752383
1, 5.071060, 36.752457
1, 5.071299, 36.752529
1, 5.071541, 36.752597
1, 5.071780, 36.752665
1, 5.072027, 36.752735
1, 5.072274, 36.752802
1, 5.072528, 36.752863
1, 5.072777, 36.752922
1, 5.073026, 36.752981
1, 5.073279, 36.753041
1, 5.073525, 36.753103
1, 5.073766, 36.753165
1, 5.074010, 36.753228
1, 5.074250, 36.753289
1, 5.074491, 36.753351
1, 5.074741, 36.753411
1, 5.074990, 36.753470
1, 5.075235, 36.753527
1, 5.075485, 36.753578
1, 5.075740, 36.753634
1, 5.075992, 36.753690
1, 5.076245, 36.753746
1, 5.076498, 36.753802
1, 5.076735, 36.753861
1, 5.076935, 36.753912
1, 5.077090, 36.753960
1, 5.077220, 36.754009
1, 5.077367, 36.754037
1, 5.077532, 36.754070
1, 5.077716, 36.754106
1, 5.077915, 36.754152
1, 5.078130, 36.754214
1, 5.078367, 36.754292
1, 5.078589, 36.754390
1, 5.078822, 36.754492
1, 5.079047, 36.754588
1, 5.079292, 36.754662
1, 5.079540, 36.754738
1, 5.079778, 36.754809
1, 5.080014, 36.754879
1, 5.080265, 36.754939
1, 5.080518, 36.754905
1, 5.080698, 36.754764
1, 5.080871, 36.754603
1, 5.081038, 36.754442
1, 5.081206, 36.754288
1, 5.081438, 36.754198
1, 5.081683, 36.754136
1, 5.081905, 36.754023
1, 5.082036, 36.753843
1, 5.082125, 36.753643
1, 5.082210, 36.753442
1, 5.082303, 36.753246
1, 5.082454, 36.753074
1, 5.082605, 36.752910
1, 5.082728, 36.752780
1, 5.082823, 36.752683
1, 5.082900, 36.752627
1, 5.082947, 36.752606
1, 5.082975, 36.752612
1, 5.082963, 36.752631
1, 5.082944, 36.752640
1, 5.082908, 36.752658
1, 5.082860, 36.752692
1, 5.082803, 36.752750
1, 5.082734, 36.752820
1, 5.082658, 36.752900
1, 5.082569, 36.752997
1, 5.082472, 36.753104
1, 5.082367, 36.753221
